Id,Name,AddressLine1,AddressLine2,City,County,StateProvinceRegion,Zip,MetropolitanStatisticalArea,Latitude,Longitude,YQL_console_Geo,BuildingTotalSquareFoot,BuiltTimePeriod,Condition,Class,Quality,Stories,Units,BedroomMix,AverageSquareFootPerUnit,Occupancy,PotentialGrossIncome,EffectiveGrossIncome,OperatingExpense,NetOperatingIncome,OverallRate,GrossRentMultiplier,Price,Date,OfficialRecordBookAndPage,Grantor,Grantee,CostPerSquareFoot,CostPerUnit,PropertyRights,Financing,ListedPriceAtSale,MarketingPeriod,ContractPeriod,Verification,PriorSales,SiteTotalSquareFoot,Acres,FloorToAreaRatio,BuildingAreaRatio,Zoning,Parking,ParcelId,LegalDescription,FloodZone,CensusTract
125e91cd-eb4a-4001-84b6-9ee101760830,Lulav Square,628 Lenox Avenue,,Miami Beach,Miami-Dade,FL,33139-5951 ,,25.776283,-80.13975,"select * from json where url=""http://maps.googleapis.com/maps/api/geocode/json?address=628+Lenox+Avenue,33139-5951&sensor=false""",35000.45,Lorem ipsum dolor sit amet,,,,3,35,Lorem ipsum dolor sit amet,222.45,85.5,1111.32,123109.34,123110.34,123111.34,11.5,11111.23,111111.1,4/30/2009 11:00,Lorem ipsum dolor sit amet,Lorem ipsum dolor sit amet,Lorem ipsum dolor sit amet,111.23,1111.32,Lorem ipsum dolor sit amet,Lorem ipsum dolor sit amet,Lorem ipsum dolor sit amet,Lorem ipsum dolor sit amet,Lorem ipsum dolor sit amet,Lorem ipsum dolor sit amet,Lorem ipsum dolor sit amet,89384.9,11.5,0.11,0.11,Lorem ipsu,,1111-2133,Lorem ipsum dolor sit amet,Lorem ipsum dolor sit amet,Lorem ipsum dolor sit amet
125e91cd-eb4a-4001-84b6-9ee101760830,Alamac Apartments,1300 Collins Ave,,Miami Beach,Miami-Dade,FL,33139-4234 ,,25.784372,-80.13127,"select * from json where url=""http://maps.googleapis.com/maps/api/geocode/json?address=1300+Collins+Ave,33139-4234&sensor=false""",23001.04,Lorem ipsum dolor sit amet,,,,3,35,Lorem ipsum dolor sit amet,222.45,85.5,1111.32,123109.34,123110.34,123111.34,11.5,11111.23,111111.1,5/26/2009 8:19,Lorem ipsum dolor sit amet,Lorem ipsum dolor sit amet,Lorem ipsum dolor sit amet,111.23,1111.32,Lorem ipsum dolor sit amet,Lorem ipsum dolor sit amet,Lorem ipsum dolor sit amet,Lorem ipsum dolor sit amet,Lorem ipsum dolor sit amet,Lorem ipsum dolor sit amet,Lorem ipsum dolor sit amet,65386.08,11.5,0.11,0.11,Lorem ipsu,,1111-2132,Lorem ipsum dolor sit amet,Lorem ipsum dolor sit amet,Lorem ipsum dolor sit amet
22b95a9d-34ec-4306-b9a8-9ee1017962e8,Bamboo Flats,718 NE 3rd Ave,,Fort Lauderdale,Broward,FL,33304,,26.13231,-80.14028,"select * from json where url=""http://maps.googleapis.com/maps/api/geocode/json?address=718+NE+3rd+Ave,33304&sensor=false""",33002.05,Lorem ipsum dolor sit amet,,,,3,35,Lorem ipsum dolor sit amet,222.4,85.5,1111.32,111111.34,111111.3,123112.34,11.5,11111.23,111111.2,6/13/2005 15:01,Lorem ipsum dolor sit amet,Lorem ipsum dolor sit amet,Lorem ipsum dolor sit amet,111.23,1111.32,Lorem ipsum dolor sit amet,Lorem ipsum dolor sit amet,Lorem ipsum dolor sit amet,Lorem ipsum dolor sit amet,Lorem ipsum dolor sit amet,Lorem ipsum dolor sit amet,Lorem ipsum dolor sit amet,85388.1,12.5,0.11,0.11,Lorem ipsu,,1111-2131,Lorem ipsum dolor sit amet,Lorem ipsum dolor sit amet,Lorem ipsum dolor sit amet
294f9b15-f91a-43ec-88f6-9ee1017341b5,Colonial Manor East Apartments,2500 Northeast 9th Street ,,Fort Lauderdale,Broward,FL,33304-3550 ,,26.135027,-80.112854,"select * from json where url=""http://maps.googleapis.com/maps/api/geocode/json?address=2500+Northeast+9th+Street,33304-3550&sensor=false""",34003.06,Lorem ipsum dolor sit amet,,,,3,35,Lorem ipsum dolor sit amet,222.4,85.5,1111.32,111111.34,111111.3,123113.34,11.5,11111.23,111111,10/1/1991 10:03,Lorem ipsum dolor sit amet,Lorem ipsum dolor sit amet,Lorem ipsum dolor sit amet,111.23,1111.32,Lorem ipsum dolor sit amet,Lorem ipsum dolor sit amet,Lorem ipsum dolor sit amet,Lorem ipsum dolor sit amet,Lorem ipsum dolor sit amet,Lorem ipsum dolor sit amet,Lorem ipsum dolor sit amet,87390.12,13.5,0.11,0.11,Lorem ipsu,,1111-2130,Lorem ipsum dolor sit amet,Lorem ipsum dolor sit amet,Lorem ipsum dolor sit amet
37193053-5b6d-40f7-86d8-9ee101767a80,Satori Altman Co,2404 East Sunrise Boulevard ,,Fort Lauderdale,Broward,FL,33304-3102 ,,26.137815,-80.114624,"select * from json where url=""http://maps.googleapis.com/maps/api/geocode/json?address=2404+East+Sunrise+Boulevard,33304-3102&sensor=false""",23002.04,Lorem ipsum dolor sit amet,,,,3,35,Lorem ipsum dolor sit amet,222.4,85.5,1111.32,111111.34,111111.3,123114.34,11.5,11111.23,111111,3/25/1988 19:45,Lorem ipsum dolor sit amet,Lorem ipsum dolor sit amet,Lorem ipsum dolor sit amet,111.23,1111.32,Lorem ipsum dolor sit amet,Lorem ipsum dolor sit amet,Lorem ipsum dolor sit amet,Lorem ipsum dolor sit amet,Lorem ipsum dolor sit amet,Lorem ipsum dolor sit amet,Lorem ipsum dolor sit amet,65388.08,14.5,0.11,0.11,Lorem ipsu,,1111-2129,Lorem ipsum dolor sit amet,Lorem ipsum dolor sit amet,Lorem ipsum dolor sit amet
787b3d7e-3cb3-4cd5-8af1-9ee101796748,Royal Saxon Apartments,551 Breakers Avenue ,,Fort Lauderdale,Broward,FL,33304-4191 ,,26.13095,-80.105125,"select * from json where url=""http://maps.googleapis.com/maps/api/geocode/json?address=551+Breakers+Avenue,33304-4191&sensor=false""",33003.05,Lorem ipsum dolor sit amet,,,,3,35,Lorem ipsum dolor sit amet,222.4,85.5,1111.32,111111.34,111111.3,123115.34,11.5,11111.23,111111,12/9/2009 22:21,Lorem ipsum dolor sit amet,Lorem ipsum dolor sit amet,Lorem ipsum dolor sit amet,111.23,1111.32,Lorem ipsum dolor sit amet,Lorem ipsum dolor sit amet,Lorem ipsum dolor sit amet,Lorem ipsum dolor sit amet,Lorem ipsum dolor sit amet,Lorem ipsum dolor sit amet,Lorem ipsum dolor sit amet,85390.1,15.5,0.11,0.11,Lorem ipsu,,1111-2128,Lorem ipsum dolor sit amet,Lorem ipsum dolor sit amet,Lorem ipsum dolor sit amet
9a41c208-b3bf-4f71-a7da-9ee101730424,Casa Alhambra,3026 Alhambra Street,,Fort Lauderdale,Broward,FL,33304,,26.124807,-80.10454,"select * from json where url=""http://maps.googleapis.com/maps/api/geocode/json?address=3026+Alhambra+Street,33304&sensor=false""",11000,Lorem ipsum dolor sit amet,,,,3,35,Lorem ipsum dolor sit amet,222.4,85.5,1111.32,111111.34,111111.3,123116.34,11.5,11111.23,111111,1/12/2009 20:49,Lorem ipsum dolor sit amet,Lorem ipsum dolor sit amet,Lorem ipsum dolor sit amet,111.23,1111.32,Lorem ipsum dolor sit amet,Lorem ipsum dolor sit amet,Lorem ipsum dolor sit amet,Lorem ipsum dolor sit amet,Lorem ipsum dolor sit amet,Lorem ipsum dolor sit amet,Lorem ipsum dolor sit amet,41384,16.5,0.11,0.11,Lorem ipsu,,1111-2127,Lorem ipsum dolor sit amet,Lorem ipsum dolor sit amet,Lorem ipsum dolor sit amet
ad1fdbd7-b92d-44f8-abf5-9ee101768229,Birch Crest Apartments,336 North Birch Road ,,Fort Lauderdale,Broward,FL,33304-4235 ,,26.127228,-80.10526,"select * from json where url=""http://maps.googleapis.com/maps/api/geocode/json?address=336+North+Birch+Road,33304-4235&sensor=false""",35345.54,Lorem ipsum dolor sit amet,,,,3,35,Lorem ipsum dolor sit amet,222.4,85.5,1111.32,111111.34,111111.3,123117.34,11.5,11111.23,111111,4/7/2009 14:14,Lorem ipsum dolor sit amet,Lorem ipsum dolor sit amet,Lorem ipsum dolor sit amet,111.23,1111.32,Lorem ipsum dolor sit amet,Lorem ipsum dolor sit amet,Lorem ipsum dolor sit amet,Lorem ipsum dolor sit amet,Lorem ipsum dolor sit amet,Lorem ipsum dolor sit amet,Lorem ipsum dolor sit amet,90075.08,17.5,0.11,0.11,Lorem ipsu,,1111-2126,Lorem ipsum dolor sit amet,Lorem ipsum dolor sit amet,Lorem ipsum dolor sit amet
b11a0d36-d6d4-4bd8-9d8e-9ee101760c3b,Ft Lauderdale Surf Club,425 Bayshore Dr,,Fort Lauderdale,Broward,FL,33304-4219 ,,26.1281,-80.1073,"select * from json where url=""http://maps.googleapis.com/maps/api/geocode/json?address=425+Bayshore+Dr,33304-4219&sensor=false""",35000.56,Lorem ipsum dolor sit amet,,,,3,35,Lorem ipsum dolor sit amet,222.4,85.5,1111.32,111111.34,111111.3,123118.34,11.5,11111.23,111111,4/8/2005 19:55,Lorem ipsum dolor sit amet,Lorem ipsum dolor sit amet,Lorem ipsum dolor sit amet,111.23,1111.32,Lorem ipsum dolor sit amet,Lorem ipsum dolor sit amet,Lorem ipsum dolor sit amet,Lorem ipsum dolor sit amet,Lorem ipsum dolor sit amet,Lorem ipsum dolor sit amet,Lorem ipsum dolor sit amet,89385.12,18.5,0.11,0.11,Lorem ipsu,,1111-2125,Lorem ipsum dolor sit amet,Lorem ipsum dolor sit amet,Lorem ipsum dolor sit amet
b11a0d36-d6d4-4bd8-9d8e-9ee101760c3b,Spring Tide Apartments,345 N Fort Lauderdale Beach Blvd,,Fort Lauderdale,Broward,FL,33304-4231 ,,26.127756,-80.10372,"select * from json where url=""http://maps.googleapis.com/maps/api/geocode/json?address=345+N+Fort+Lauderdale+Beach+Blvd,33304-4231&sensor=false""",34005.06,Lorem ipsum dolor sit amet,,,,4,36,Lorem ipsum dolor sit amet,223.4,85.5,1112.32,111112.34,111112.3,123119.34,12.5,11112.23,111112,3/24/2006 0:50,Lorem ipsum dolor sit amet,Lorem ipsum dolor sit amet,Lorem ipsum dolor sit amet,112.23,1112.32,Lorem ipsum dolor sit amet,Lorem ipsum dolor sit amet,Lorem ipsum dolor sit amet,Lorem ipsum dolor sit amet,Lorem ipsum dolor sit amet,Lorem ipsum dolor sit amet,Lorem ipsum dolor sit amet,87394.12,19.5,1.11,1.11,Lorem ipsu,,1111-2124,Lorem ipsum dolor sit amet,Lorem ipsum dolor sit amet,Lorem ipsum dolor sit amet
b11a0d36-d6d4-4bd8-9d8e-9ee101760c3b,Sunrise Harbor,1030 Seminole Drive ,,Fort Lauderdale,Broward,FL,33304,,26.138653,-80.110016,"select * from json where url=""http://maps.googleapis.com/maps/api/geocode/json?address=1030+Seminole+Drive,33304&sensor=false""",22066.6,Lorem ipsum dolor sit amet,,,,5,37,Lorem ipsum dolor sit amet,224.4,85.5,1113.32,111113.34,111113.3,123120.34,13.5,11113.23,111113,9/21/2009 11:49,Lorem ipsum dolor sit amet,Lorem ipsum dolor sit amet,Lorem ipsum dolor sit amet,113.23,1113.32,Lorem ipsum dolor sit amet,Lorem ipsum dolor sit amet,Lorem ipsum dolor sit amet,Lorem ipsum dolor sit amet,Lorem ipsum dolor sit amet,Lorem ipsum dolor sit amet,Lorem ipsum dolor sit amet,63517.2,20.5,2.11,2.11,Lorem ipsu,,1111-2123,Lorem ipsum dolor sit amet,Lorem ipsum dolor sit amet,Lorem ipsum dolor sit amet
b11a0d36-d6d4-4bd8-9d8e-9ee101760c3b,Gables Marbella,22182 Bella Lago Drive ,,Boca Raton ,Palm Beach,FL,33433,,26.3464,-80.15993,"select * from json where url=""http://maps.googleapis.com/maps/api/geocode/json?address=22182+Bella+Lago+Drive,33433&sensor=false""",12443.67,Lorem ipsum dolor sit amet,,,,6,38,Lorem ipsum dolor sit amet,225.4,85.5,1114.32,111114.34,111114.3,123121.34,14.5,11114.23,111114,8/5/2010 12:49,Lorem ipsum dolor sit amet,Lorem ipsum dolor sit amet,Lorem ipsum dolor sit amet,114.23,1114.32,Lorem ipsum dolor sit amet,Lorem ipsum dolor sit amet,Lorem ipsum dolor sit amet,Lorem ipsum dolor sit amet,Lorem ipsum dolor sit amet,Lorem ipsum dolor sit amet,Lorem ipsum dolor sit amet,44271.34,21.5,3.11,3.11,Lorem ipsu,,1111-2122,Lorem ipsum dolor sit amet,Lorem ipsum dolor sit amet,Lorem ipsum dolor sit amet
b11a0d36-d6d4-4bd8-9d8e-9ee101760c3b,Bella Vista Apartments at Boca Del Mar,6925 Town Harbour Boulevard ,,Boca Raton ,Palm Beach,FL,33433,,26.347622,-80.151306,"select * from json where url=""http://maps.googleapis.com/maps/api/geocode/json?address=6925+Town+Harbour+Boulevard,33433&sensor=false""",33232.33,Lorem ipsum dolor sit amet,,,,7,39,Lorem ipsum dolor sit amet,226.4,85.5,1115.32,111115.34,111115.3,123122.34,15.5,11115.23,111115,7/23/2010 5:51,Lorem ipsum dolor sit amet,Lorem ipsum dolor sit amet,Lorem ipsum dolor sit amet,115.23,1115.32,Lorem ipsum dolor sit amet,Lorem ipsum dolor sit amet,Lorem ipsum dolor sit amet,Lorem ipsum dolor sit amet,Lorem ipsum dolor sit amet,Lorem ipsum dolor sit amet,Lorem ipsum dolor sit amet,85848.66,22.5,4.11,4.11,Lorem ipsu,,1111-2121,Lorem ipsum dolor sit amet,Lorem ipsum dolor sit amet,Lorem ipsum dolor sit amet
b11a0d36-d6d4-4bd8-9d8e-9ee101760c3b,Boca Colony Apartments,6061 Boca Colony Drive ,,Boca Raton ,Palm Beach,FL,33433-8066 ,,26.348799,-80.13773,"select * from json where url=""http://maps.googleapis.com/maps/api/geocode/json?address=6061+Boca+Colony+Drive,33433-8066&sensor=false""",16324.52,Lorem ipsum dolor sit amet,,,,8,40,Lorem ipsum dolor sit amet,227.4,85.5,1116.32,111116.34,111116.3,123123.34,16.5,11116.23,111116,1/7/2002 10:32,Lorem ipsum dolor sit amet,Lorem ipsum dolor sit amet,Lorem ipsum dolor sit amet,116.23,1116.32,Lorem ipsum dolor sit amet,Lorem ipsum dolor sit amet,Lorem ipsum dolor sit amet,Lorem ipsum dolor sit amet,Lorem ipsum dolor sit amet,Lorem ipsum dolor sit amet,Lorem ipsum dolor sit amet,52033.04,23.5,5.11,5.11,Lorem ipsu,,1111-2120,Lorem ipsum dolor sit amet,Lorem ipsum dolor sit amet,Lorem ipsum dolor sit amet
b11a0d36-d6d4-4bd8-9d8e-9ee101760c3b,Savannah Place Residences,22356 Calibre Court ,,Boca Raton ,Palm Beach,FL,33433,,26.34539,-80.15625,"select * from json where url=""http://maps.googleapis.com/maps/api/geocode/json?address=22356+Calibre+Court,33433&sensor=false""",18344.43,Lorem ipsum dolor sit amet,,,,9,41,Lorem ipsum dolor sit amet,228.4,85.5,1117.32,111117.34,111117.3,123124.34,17.5,11117.23,111117,11/1/2005 0:53,Lorem ipsum dolor sit amet,Lorem ipsum dolor sit amet,Lorem ipsum dolor sit amet,117.23,1117.32,Lorem ipsum dolor sit amet,Lorem ipsum dolor sit amet,Lorem ipsum dolor sit amet,Lorem ipsum dolor sit amet,Lorem ipsum dolor sit amet,Lorem ipsum dolor sit amet,Lorem ipsum dolor sit amet,56072.86,24.5,6.11,6.11,Lorem ipsu,,1111-2119,Lorem ipsum dolor sit amet,Lorem ipsum dolor sit amet,Lorem ipsum dolor sit amet
b11a0d36-d6d4-4bd8-9d8e-9ee101760c3b,"Addison Place Apartments, Inc.",21925 Mizner Way ,,Boca Raton ,Palm Beach,FL,33433-1142 ,,26.351048,-80.17413,"select * from json where url=""http://maps.googleapis.com/maps/api/geocode/json?address=21925+Mizner+Way,33433-1142&sensor=false""",43333.43,Lorem ipsum dolor sit amet,,,,10,42,Lorem ipsum dolor sit amet,229.4,85.5,1118.32,111118.34,111118.3,123125.34,18.5,11118.23,111118,4/10/2002 4:10,Lorem ipsum dolor sit amet,Lorem ipsum dolor sit amet,Lorem ipsum dolor sit amet,118.23,1118.32,Lorem ipsum dolor sit amet,Lorem ipsum dolor sit amet,Lorem ipsum dolor sit amet,Lorem ipsum dolor sit amet,Lorem ipsum dolor sit amet,Lorem ipsum dolor sit amet,Lorem ipsum dolor sit amet,106050.86,25.5,7.11,7.11,Lorem ipsu,,1111-2118,Lorem ipsum dolor sit amet,Lorem ipsum dolor sit amet,Lorem ipsum dolor sit amet
b11a0d36-d6d4-4bd8-9d8e-9ee101760c3b,Reflections Of Boca Del Mar,5500 Pacific Boulevard ,,Boca Raton,Palm Beach,FL,33433-6715,,26.33917,-80.13209,"select * from json where url=""http://maps.googleapis.com/maps/api/geocode/json?address=5500+Pacific+Boulevard,33433-6715&sensor=false""",24334.2,Lorem ipsum dolor sit amet,,,,11,43,Lorem ipsum dolor sit amet,230.4,85.5,1119.32,111119.34,111119.3,123126.34,19.5,11119.23,111119,4/8/1991 22:04,Lorem ipsum dolor sit amet,Lorem ipsum dolor sit amet,Lorem ipsum dolor sit amet,119.23,1119.32,Lorem ipsum dolor sit amet,Lorem ipsum dolor sit amet,Lorem ipsum dolor sit amet,Lorem ipsum dolor sit amet,Lorem ipsum dolor sit amet,Lorem ipsum dolor sit amet,Lorem ipsum dolor sit amet,68052.4,26.5,8.11,8.11,Lorem ipsu,,1111-2117,Lorem ipsum dolor sit amet,Lorem ipsum dolor sit amet,Lorem ipsum dolor sit amet
b11a0d36-d6d4-4bd8-9d8e-9ee101760c3b,Boca Arbor Club,566401 Arbor Club Way ,,Boca Raton,Palm Beach,FL,33433-5645 ,,26.337934,-80.13043,"select * from json where url=""http://maps.googleapis.com/maps/api/geocode/json?address=566401+Arbor+Club+Way,33433-5645&sensor=false""",41121,Lorem ipsum dolor sit amet,,,,12,44,Lorem ipsum dolor sit amet,231.4,85.5,1120.32,111120.34,111120.3,123127.34,20.5,11120.23,111120,7/23/2010 20:21,Lorem ipsum dolor sit amet,Lorem ipsum dolor sit amet,Lorem ipsum dolor sit amet,120.23,1120.32,Lorem ipsum dolor sit amet,Lorem ipsum dolor sit amet,Lorem ipsum dolor sit amet,Lorem ipsum dolor sit amet,Lorem ipsum dolor sit amet,Lorem ipsum dolor sit amet,Lorem ipsum dolor sit amet,101626,27.5,9.11,9.11,Lorem ipsu,,1111-2116,Lorem ipsum dolor sit amet,Lorem ipsum dolor sit amet,Lorem ipsum dolor sit amet
b11a0d36-d6d4-4bd8-9d8e-9ee101760c3b,Palms of Boca Del Mar,5515 Pacific Boulevard,,Boca Raton,Palm Beach,FL,33433-6716,,26.340317,-80.13211,"select * from json where url=""http://maps.googleapis.com/maps/api/geocode/json?address=5515+Pacific+Boulevard,33433-6716&sensor=false""",21343.3,Lorem ipsum dolor sit amet,,,,13,45,Lorem ipsum dolor sit amet,232.4,85.5,1121.32,111121.34,111121.3,123128.34,21.5,11121.23,111121,1/12/2011 11:05,Lorem ipsum dolor sit amet,Lorem ipsum dolor sit amet,Lorem ipsum dolor sit amet,121.23,1121.32,Lorem ipsum dolor sit amet,Lorem ipsum dolor sit amet,Lorem ipsum dolor sit amet,Lorem ipsum dolor sit amet,Lorem ipsum dolor sit amet,Lorem ipsum dolor sit amet,Lorem ipsum dolor sit amet,62070.6,28.5,10.11,10.11,Lorem ipsu,,1111-2115,Lorem ipsum dolor sit amet,Lorem ipsum dolor sit amet,Lorem ipsum dolor sit amet
b11a0d36-d6d4-4bd8-9d8e-9ee101760c3b,Addison Pointe,6283 La Costa Drive ,,Boca Raton,Palm Beach,FL,33433-6670 ,,26.34094,-80.14179,"select * from json where url=""http://maps.googleapis.com/maps/api/geocode/json?address=6283+La+Costa+Drive,33433-6670&sensor=false""",12334.53,Lorem ipsum dolor sit amet,,,,14,46,Lorem ipsum dolor sit amet,233.4,85.5,1122.32,111122.34,111122.3,123129.34,22.5,11122.23,111122,6/24/2011 15:10,Lorem ipsum dolor sit amet,Lorem ipsum dolor sit amet,Lorem ipsum dolor sit amet,122.23,1122.32,Lorem ipsum dolor sit amet,Lorem ipsum dolor sit amet,Lorem ipsum dolor sit amet,Lorem ipsum dolor sit amet,Lorem ipsum dolor sit amet,Lorem ipsum dolor sit amet,Lorem ipsum dolor sit amet,44053.06,29.5,11.11,11.11,Lorem ipsu,,1111-2114,Lorem ipsum dolor sit amet,Lorem ipsum dolor sit amet,Lorem ipsum dolor sit amet
b11a0d36-d6d4-4bd8-9d8e-9ee101760c3b,Gables Boca Place,22148 Boca Place Dr. ,,Boca Raton,Palm Beach,FL,33433,,26.348751,-80.13975,"select * from json where url=""http://maps.googleapis.com/maps/api/geocode/json?address=22148+Boca+Place+Dr.,33433&sensor=false""",55343.34,Lorem ipsum dolor sit amet,,,,15,47,Lorem ipsum dolor sit amet,234.4,85.5,1123.32,111123.34,111123.3,123130.34,23.5,11123.23,111123,6/13/2011 12:59,Lorem ipsum dolor sit amet,Lorem ipsum dolor sit amet,Lorem ipsum dolor sit amet,123.23,1123.32,Lorem ipsum dolor sit amet,Lorem ipsum dolor sit amet,Lorem ipsum dolor sit amet,Lorem ipsum dolor sit amet,Lorem ipsum dolor sit amet,Lorem ipsum dolor sit amet,Lorem ipsum dolor sit amet,130070.68,30.5,12.11,12.11,Lorem ipsu,,1111-2113,Lorem ipsum dolor sit amet,Lorem ipsum dolor sit amet,Lorem ipsum dolor sit amet
b11a0d36-d6d4-4bd8-9d8e-9ee101760c3b,Oaks At Pompano Apartments,501 SW 1st Court ,,Pompano Beach ,Broward,FL,33060,,26.230255,-80.132675,"select * from json where url=""http://maps.googleapis.com/maps/api/geocode/json?address=501+SW+1st+Court,33060&sensor=false""",34534.33,Lorem ipsum dolor sit amet,,,,16,48,Lorem ipsum dolor sit amet,235.4,85.5,1124.32,111124.34,111124.3,123131.34,24.5,11124.23,111124,5/26/1995 16:30,Lorem ipsum dolor sit amet,Lorem ipsum dolor sit amet,Lorem ipsum dolor sit amet,124.23,1124.32,Lorem ipsum dolor sit amet,Lorem ipsum dolor sit amet,Lorem ipsum dolor sit amet,Lorem ipsum dolor sit amet,Lorem ipsum dolor sit amet,Lorem ipsum dolor sit amet,Lorem ipsum dolor sit amet,88452.66,31.5,13.11,13.11,Lorem ipsu,,1111-2112,Lorem ipsum dolor sit amet,Lorem ipsum dolor sit amet,Lorem ipsum dolor sit amet
b11a0d36-d6d4-4bd8-9d8e-9ee101760c3b,Atlantic Palms Apartments,1209 Northwest 3rd Avenue ,,Pompano Beach ,Broward,FL,33060-5505 ,,26.244158,-80.127045,"select * from json where url=""http://maps.googleapis.com/maps/api/geocode/json?address=1209+Northwest+3rd+Avenue,33060-5505&sensor=false""",55343.22,Lorem ipsum dolor sit amet,,,,17,49,Lorem ipsum dolor sit amet,236.4,85.5,1125.32,111125.34,111125.3,123132.34,25.5,11125.23,111125,6/10/1998 4:18,Lorem ipsum dolor sit amet,Lorem ipsum dolor sit amet,Lorem ipsum dolor sit amet,125.23,1125.32,Lorem ipsum dolor sit amet,Lorem ipsum dolor sit amet,Lorem ipsum dolor sit amet,Lorem ipsum dolor sit amet,Lorem ipsum dolor sit amet,Lorem ipsum dolor sit amet,Lorem ipsum dolor sit amet,130070.44,32.5,14.11,14.11,Lorem ipsu,,1111-2111,Lorem ipsum dolor sit amet,Lorem ipsum dolor sit amet,Lorem ipsum dolor sit amet
b11a0d36-d6d4-4bd8-9d8e-9ee101760c3b,Banyan Bay Apartments,4303 West Atlantic Boulevard ,,Coconut Creek ,Broward,FL,33066,,26.23167,-80.181526,"select * from json where url=""http://maps.googleapis.com/maps/api/geocode/json?address=4303+West+Atlantic+Boulevard,33066&sensor=false""",43312.33,Lorem ipsum dolor sit amet,,,,18,50,Lorem ipsum dolor sit amet,237.4,85.5,1126.32,111126.34,111126.3,123133.34,26.5,11126.23,111126,10/30/2007 18:09,Lorem ipsum dolor sit amet,Lorem ipsum dolor sit amet,Lorem ipsum dolor sit amet,126.23,1126.32,Lorem ipsum dolor sit amet,Lorem ipsum dolor sit amet,Lorem ipsum dolor sit amet,Lorem ipsum dolor sit amet,Lorem ipsum dolor sit amet,Lorem ipsum dolor sit amet,Lorem ipsum dolor sit amet,106008.66,33.5,15.11,15.11,Lorem ipsu,,1111-2110,Lorem ipsum dolor sit amet,Lorem ipsum dolor sit amet,Lorem ipsum dolor sit amet
b11a0d36-d6d4-4bd8-9d8e-9ee101760c3b,Residences At Bayview,1631 South Federal Highway ,,Pompano Beach ,Broward,FL,33062-7536 ,,26.210218,-80.10748,"select * from json where url=""http://maps.googleapis.com/maps/api/geocode/json?address=1631+South+Federal+Highway,33062-7536&sensor=false""",44234.23,Lorem ipsum dolor sit amet,,,,19,51,Lorem ipsum dolor sit amet,238.4,85.5,1127.32,111127.34,111127.3,123134.34,27.5,11127.23,111127,9/17/2002 0:52,Lorem ipsum dolor sit amet,Lorem ipsum dolor sit amet,Lorem ipsum dolor sit amet,127.23,1127.32,Lorem ipsum dolor sit amet,Lorem ipsum dolor sit amet,Lorem ipsum dolor sit amet,Lorem ipsum dolor sit amet,Lorem ipsum dolor sit amet,Lorem ipsum dolor sit amet,Lorem ipsum dolor sit amet,107852.46,34.5,16.11,16.11,Lorem ipsu,,1111-2109,Lorem ipsum dolor sit amet,Lorem ipsum dolor sit amet,Lorem ipsum dolor sit amet
b11a0d36-d6d4-4bd8-9d8e-9ee101760c3b,Pinnacle Village Apartments,801 North Powerline Road ,,Pompano Beach ,Broward,FL,33069-2312 ,,26.239157,-80.15258,"select * from json where url=""http://maps.googleapis.com/maps/api/geocode/json?address=801+North+Powerline+Road,33069-2312&sensor=false""",11232.32,Lorem ipsum dolor sit amet,,,,20,52,Lorem ipsum dolor sit amet,239.4,85.5,1128.32,111128.34,111128.3,123135.34,28.5,11128.23,111128,6/28/2010 14:08,Lorem ipsum dolor sit amet,Lorem ipsum dolor sit amet,Lorem ipsum dolor sit amet,128.23,1128.32,Lorem ipsum dolor sit amet,Lorem ipsum dolor sit amet,Lorem ipsum dolor sit amet,Lorem ipsum dolor sit amet,Lorem ipsum dolor sit amet,Lorem ipsum dolor sit amet,Lorem ipsum dolor sit amet,41848.64,35.5,17.11,17.11,Lorem ipsu,,1111-2108,Lorem ipsum dolor sit amet,Lorem ipsum dolor sit amet,Lorem ipsum dolor sit amet
b11a0d36-d6d4-4bd8-9d8e-9ee101760c3b,Laguna Pointe Apartments,903 SW 15th Street ,,Pompano Beach ,Broward,FL,33060,,26.21079,-80.13139,"select * from json where url=""http://maps.googleapis.com/maps/api/geocode/json?address=903+SW+15th+Street,33060&sensor=false""",22232,Lorem ipsum dolor sit amet,,,,21,53,Lorem ipsum dolor sit amet,240.4,85.5,1129.32,111129.34,111129.3,123136.34,29.5,11129.23,111129,9/6/1988 17:58,Lorem ipsum dolor sit amet,Lorem ipsum dolor sit amet,Lorem ipsum dolor sit amet,129.23,1129.32,Lorem ipsum dolor sit amet,Lorem ipsum dolor sit amet,Lorem ipsum dolor sit amet,Lorem ipsum dolor sit amet,Lorem ipsum dolor sit amet,Lorem ipsum dolor sit amet,Lorem ipsum dolor sit amet,63848,36.5,18.11,18.11,Lorem ipsu,,1111-2107,Lorem ipsum dolor sit amet,Lorem ipsum dolor sit amet,Lorem ipsum dolor sit amet
b11a0d36-d6d4-4bd8-9d8e-9ee101760c3b,Lighthouse Cove Apartments,1406 North Ocean Boulevard ,,Pompano Beach ,Broward,FL,33062-3496 ,,26.250637,-80.08588,"select * from json where url=""http://maps.googleapis.com/maps/api/geocode/json?address=1406+North+Ocean+Boulevard,33062-3496&sensor=false""",22334.43,Lorem ipsum dolor sit amet,,,,22,54,Lorem ipsum dolor sit amet,241.4,85.5,1130.32,111130.34,111130.3,123137.34,30.5,11130.23,111130,3/28/2003 5:43,Lorem ipsum dolor sit amet,Lorem ipsum dolor sit amet,Lorem ipsum dolor sit amet,130.23,1130.32,Lorem ipsum dolor sit amet,Lorem ipsum dolor sit amet,Lorem ipsum dolor sit amet,Lorem ipsum dolor sit amet,Lorem ipsum dolor sit amet,Lorem ipsum dolor sit amet,Lorem ipsum dolor sit amet,64052.86,37.5,19.11,19.11,Lorem ipsu,,1111-2106,Lorem ipsum dolor sit amet,Lorem ipsum dolor sit amet,Lorem ipsum dolor sit amet
b11a0d36-d6d4-4bd8-9d8e-9ee101760c3b,Pompano Beach Club South,111 Briny Avenue ,,Pompano Beach ,Broward,FL,33062,,26.230553,-80.09047,"select * from json where url=""http://maps.googleapis.com/maps/api/geocode/json?address=111+Briny+Avenue,33062&sensor=false""",45232.32,Lorem ipsum dolor sit amet,,,,23,55,Lorem ipsum dolor sit amet,242.4,85.5,1131.32,111131.34,111131.3,123138.34,31.5,11131.23,111131,10/15/2008 1:56,Lorem ipsum dolor sit amet,Lorem ipsum dolor sit amet,Lorem ipsum dolor sit amet,131.23,1131.32,Lorem ipsum dolor sit amet,Lorem ipsum dolor sit amet,Lorem ipsum dolor sit amet,Lorem ipsum dolor sit amet,Lorem ipsum dolor sit amet,Lorem ipsum dolor sit amet,Lorem ipsum dolor sit amet,109848.64,38.5,20.11,20.11,Lorem ipsu,,1111-2105,Lorem ipsum dolor sit amet,Lorem ipsum dolor sit amet,Lorem ipsum dolor sit amet
b11a0d36-d6d4-4bd8-9d8e-9ee101760c3b,Colonial Garden Apartments,801 Pine Drive ,,Pompano Beach ,Broward,FL,33060-7272 ,,26.228968,-80.115074,"select * from json where url=""http://maps.googleapis.com/maps/api/geocode/json?address=801+Pine+Drive,33060-7272&sensor=false""",12123.32,Lorem ipsum dolor sit amet,,,,24,56,Lorem ipsum dolor sit amet,243.4,85.5,1132.32,111132.34,111132.3,123139.34,32.5,11132.23,111132,7/5/1995 4:33,Lorem ipsum dolor sit amet,Lorem ipsum dolor sit amet,Lorem ipsum dolor sit amet,132.23,1132.32,Lorem ipsum dolor sit amet,Lorem ipsum dolor sit amet,Lorem ipsum dolor sit amet,Lorem ipsum dolor sit amet,Lorem ipsum dolor sit amet,Lorem ipsum dolor sit amet,Lorem ipsum dolor sit amet,43630.64,39.5,21.11,21.11,Lorem ipsu,,1111-2104,Lorem ipsum dolor sit amet,Lorem ipsum dolor sit amet,Lorem ipsum dolor sit amet
b11a0d36-d6d4-4bd8-9d8e-9ee101760c3b,Cypress Shores,1901 Lyons Road ,,Coconut Creek ,Broward,FL,33063,,26.253979,-80.18648,"select * from json where url=""http://maps.googleapis.com/maps/api/geocode/json?address=1901+Lyons+Road,33063&sensor=false""",13244.23,Lorem ipsum dolor sit amet,,,,25,57,Lorem ipsum dolor sit amet,244.4,85.5,1133.32,111133.34,111133.3,123140.34,33.5,11133.23,111133,5/7/1998 9:07,Lorem ipsum dolor sit amet,Lorem ipsum dolor sit amet,Lorem ipsum dolor sit amet,133.23,1133.32,Lorem ipsum dolor sit amet,Lorem ipsum dolor sit amet,Lorem ipsum dolor sit amet,Lorem ipsum dolor sit amet,Lorem ipsum dolor sit amet,Lorem ipsum dolor sit amet,Lorem ipsum dolor sit amet,45872.46,40.5,22.11,22.11,Lorem ipsu,,1111-2103,Lorem ipsum dolor sit amet,Lorem ipsum dolor sit amet,Lorem ipsum dolor sit amet
b11a0d36-d6d4-4bd8-9d8e-9ee101760c3b,Tivoli Park Apartments,603 Siesta Key Circle ,,Deerfield Beach ,Broward,FL,33441-7719 ,,26.309853,-80.11029,"select * from json where url=""http://maps.googleapis.com/maps/api/geocode/json?address=603+Siesta+Key+Circle,33441-7719&sensor=false""",24233.34,Lorem ipsum dolor sit amet,,,,26,58,Lorem ipsum dolor sit amet,245.4,85.5,1134.32,111134.34,111134.3,123141.34,34.5,11134.23,111134,7/10/2007 23:10,Lorem ipsum dolor sit amet,Lorem ipsum dolor sit amet,Lorem ipsum dolor sit amet,134.23,1134.32,Lorem ipsum dolor sit amet,Lorem ipsum dolor sit amet,Lorem ipsum dolor sit amet,Lorem ipsum dolor sit amet,Lorem ipsum dolor sit amet,Lorem ipsum dolor sit amet,Lorem ipsum dolor sit amet,67850.68,41.5,23.11,23.11,Lorem ipsu,,1111-2102,Lorem ipsum dolor sit amet,Lorem ipsum dolor sit amet,Lorem ipsum dolor sit amet
b11a0d36-d6d4-4bd8-9d8e-9ee101760c3b,Lime Tree Village Apartments,431 SE 13th Ct,,Deerfield Beach ,Broward,FL,33441-6992 ,,26.300856,-80.096664,"select * from json where url=""http://maps.googleapis.com/maps/api/geocode/json?address=431+SE+13th+Ct,33441-6992&sensor=false""",53433.23,Lorem ipsum dolor sit amet,,,,27,59,Lorem ipsum dolor sit amet,246.4,85.5,1135.32,111135.34,111135.3,123142.34,35.5,11135.23,111135,6/18/2002 4:45,Lorem ipsum dolor sit amet,Lorem ipsum dolor sit amet,Lorem ipsum dolor sit amet,135.23,1135.32,Lorem ipsum dolor sit amet,Lorem ipsum dolor sit amet,Lorem ipsum dolor sit amet,Lorem ipsum dolor sit amet,Lorem ipsum dolor sit amet,Lorem ipsum dolor sit amet,Lorem ipsum dolor sit amet,126250.46,42.5,24.11,24.11,Lorem ipsu,,1111-2101,Lorem ipsum dolor sit amet,Lorem ipsum dolor sit amet,Lorem ipsum dolor sit amet
b11a0d36-d6d4-4bd8-9d8e-9ee101760c3b,Tivoli Terrace Apartments,927 Siesta Key Blvd ,,Deerfield Beach ,Broward,FL,33441,,26.309439,-80.11479,"select * from json where url=""http://maps.googleapis.com/maps/api/geocode/json?address=927+Siesta+Key+Blvd,33441&sensor=false""",44324.32,Lorem ipsum dolor sit amet,,,,28,60,Lorem ipsum dolor sit amet,247.4,85.5,1136.32,111136.34,111136.3,123143.34,36.5,11136.23,111136,12/6/2010 13:01,Lorem ipsum dolor sit amet,Lorem ipsum dolor sit amet,Lorem ipsum dolor sit amet,136.23,1136.32,Lorem ipsum dolor sit amet,Lorem ipsum dolor sit amet,Lorem ipsum dolor sit amet,Lorem ipsum dolor sit amet,Lorem ipsum dolor sit amet,Lorem ipsum dolor sit amet,Lorem ipsum dolor sit amet,108032.64,43.5,25.11,25.11,Lorem ipsu,,1111-2100,Lorem ipsum dolor sit amet,Lorem ipsum dolor sit amet,Lorem ipsum dolor sit amet
b11a0d36-d6d4-4bd8-9d8e-9ee101760c3b,Pine Tree Apartments,300 Lock Road,,Deerfield Beach ,Broward,FL,33442-3801 ,,26.321926,-80.12559,"select * from json where url=""http://maps.googleapis.com/maps/api/geocode/json?address=300+Lock+Road,33442-3801&sensor=false""",12332.32,Lorem ipsum dolor sit amet,,,,29,61,Lorem ipsum dolor sit amet,248.4,85.5,1137.32,111137.34,111137.3,123144.34,37.5,11137.23,111137,9/27/2006 14:32,Lorem ipsum dolor sit amet,Lorem ipsum dolor sit amet,Lorem ipsum dolor sit amet,137.23,1137.32,Lorem ipsum dolor sit amet,Lorem ipsum dolor sit amet,Lorem ipsum dolor sit amet,Lorem ipsum dolor sit amet,Lorem ipsum dolor sit amet,Lorem ipsum dolor sit amet,Lorem ipsum dolor sit amet,44048.64,44.5,26.11,26.11,Lorem ipsu,,1111-2099,Lorem ipsum dolor sit amet,Lorem ipsum dolor sit amet,Lorem ipsum dolor sit amet
b11a0d36-d6d4-4bd8-9d8e-9ee101760c3b,Deerfield East Apartments,1409 SE 8th Avenue,,Deerfield Beach ,Broward,FL,33441,,26.299625,-80.092926,"select * from json where url=""http://maps.googleapis.com/maps/api/geocode/json?address=1409+SE+8th+Avenue,33441&sensor=false""",11123.32,Lorem ipsum dolor sit amet,,,,30,62,Lorem ipsum dolor sit amet,249.4,85.5,1138.32,111138.34,111138.3,123145.34,38.5,11138.23,111138,4/6/2006 18:51,Lorem ipsum dolor sit amet,Lorem ipsum dolor sit amet,Lorem ipsum dolor sit amet,138.23,1138.32,Lorem ipsum dolor sit amet,Lorem ipsum dolor sit amet,Lorem ipsum dolor sit amet,Lorem ipsum dolor sit amet,Lorem ipsum dolor sit amet,Lorem ipsum dolor sit amet,Lorem ipsum dolor sit amet,41630.64,45.5,27.11,27.11,Lorem ipsu,,1111-2098,Lorem ipsum dolor sit amet,Lorem ipsum dolor sit amet,Lorem ipsum dolor sit amet
b11a0d36-d6d4-4bd8-9d8e-9ee101760c3b,The Preserve at Deer Creek,500 Jefferson Drive ,,Deerfield Beach ,Broward,FL,33442,,26.322445,-80.15024,"select * from json where url=""http://maps.googleapis.com/maps/api/geocode/json?address=500+Jefferson+Drive,33442&sensor=false""",43234.23,Lorem ipsum dolor sit amet,,,,31,63,Lorem ipsum dolor sit amet,250.4,85.5,1139.32,111139.34,111139.3,123146.34,39.5,11139.23,111139,8/2/2003 22:58,Lorem ipsum dolor sit amet,Lorem ipsum dolor sit amet,Lorem ipsum dolor sit amet,139.23,1139.32,Lorem ipsum dolor sit amet,Lorem ipsum dolor sit amet,Lorem ipsum dolor sit amet,Lorem ipsum dolor sit amet,Lorem ipsum dolor sit amet,Lorem ipsum dolor sit amet,Lorem ipsum dolor sit amet,105852.46,46.5,28.11,28.11,Lorem ipsu,,1111-2097,Lorem ipsum dolor sit amet,Lorem ipsum dolor sit amet,Lorem ipsum dolor sit amet
b11a0d36-d6d4-4bd8-9d8e-9ee101760c3b,Lakes At Deerfield,1100 S Military Trl ,,Deerfield Beach ,Broward,FL,33442-7644 ,,26.304394,-80.12935,"select * from json where url=""http://maps.googleapis.com/maps/api/geocode/json?address=1100+S+Military+Trl,33442-7644&sensor=false""",43234.43,Lorem ipsum dolor sit amet,,,,32,64,Lorem ipsum dolor sit amet,251.4,85.5,1140.32,111140.34,111140.3,123147.34,40.5,11140.23,111140,1/12/2000 23:25,Lorem ipsum dolor sit amet,Lorem ipsum dolor sit amet,Lorem ipsum dolor sit amet,140.23,1140.32,Lorem ipsum dolor sit amet,Lorem ipsum dolor sit amet,Lorem ipsum dolor sit amet,Lorem ipsum dolor sit amet,Lorem ipsum dolor sit amet,Lorem ipsum dolor sit amet,Lorem ipsum dolor sit amet,105852.86,47.5,29.11,29.11,Lorem ipsu,,1111-2096,Lorem ipsum dolor sit amet,Lorem ipsum dolor sit amet,Lorem ipsum dolor sit amet
b11a0d36-d6d4-4bd8-9d8e-9ee101760c3b,Panther Motel & Apartments,715 Southeast 20th Avenue ,,Deerfield Beach ,Broward,FL,33441-6098 ,,26.308342,-80.07796,"select * from json where url=""http://maps.googleapis.com/maps/api/geocode/json?address=715+Southeast+20th+Avenue,33441-6098&sensor=false""",44232.44,Lorem ipsum dolor sit amet,,,,33,65,Lorem ipsum dolor sit amet,252.4,85.5,1141.32,111141.34,111141.3,123148.34,41.5,11141.23,111141,8/22/2009 11:51,Lorem ipsum dolor sit amet,Lorem ipsum dolor sit amet,Lorem ipsum dolor sit amet,141.23,1141.32,Lorem ipsum dolor sit amet,Lorem ipsum dolor sit amet,Lorem ipsum dolor sit amet,Lorem ipsum dolor sit amet,Lorem ipsum dolor sit amet,Lorem ipsum dolor sit amet,Lorem ipsum dolor sit amet,107848.88,48.5,30.11,30.11,Lorem ipsu,,1111-2095,Lorem ipsum dolor sit amet,Lorem ipsum dolor sit amet,Lorem ipsum dolor sit amet
b11a0d36-d6d4-4bd8-9d8e-9ee101760c3b,Emerald Cove Apartments,1649 SE 4th St ,,Deerfield Beach ,Broward,FL,33441-4980 ,,26.313076,-80.08326,"select * from json where url=""http://maps.googleapis.com/maps/api/geocode/json?address=1649+SE+4th+St,33441-4980&sensor=false""",17865.65,Lorem ipsum dolor sit amet,,,,34,66,Lorem ipsum dolor sit amet,253.4,85.5,1142.32,111142.34,111142.3,123149.34,42.5,11142.23,111142,2/16/2009 19:12,Lorem ipsum dolor sit amet,Lorem ipsum dolor sit amet,Lorem ipsum dolor sit amet,142.23,1142.32,Lorem ipsum dolor sit amet,Lorem ipsum dolor sit amet,Lorem ipsum dolor sit amet,Lorem ipsum dolor sit amet,Lorem ipsum dolor sit amet,Lorem ipsum dolor sit amet,Lorem ipsum dolor sit amet,55115.3,49.5,31.11,31.11,Lorem ipsu,,1111-2094,Lorem ipsum dolor sit amet,Lorem ipsum dolor sit amet,Lorem ipsum dolor sit amet
b11a0d36-d6d4-4bd8-9d8e-9ee101760c3b,Auburn Trace Apartments,625 Auburn Circle West ,,Delray Beach ,Palm Beach,FL,33444-4422 ,,26.45219,-80.08435,"select * from json where url=""http://maps.googleapis.com/maps/api/geocode/json?address=625+Auburn+Circle+West,33444-4422&sensor=false""",28765.67,Lorem ipsum dolor sit amet,,,,35,67,Lorem ipsum dolor sit amet,254.4,85.5,1143.32,111143.34,111143.3,123150.34,43.5,11143.23,111143,11/6/2009 7:19,Lorem ipsum dolor sit amet,Lorem ipsum dolor sit amet,Lorem ipsum dolor sit amet,143.23,1143.32,Lorem ipsum dolor sit amet,Lorem ipsum dolor sit amet,Lorem ipsum dolor sit amet,Lorem ipsum dolor sit amet,Lorem ipsum dolor sit amet,Lorem ipsum dolor sit amet,Lorem ipsum dolor sit amet,76915.34,50.5,32.11,32.11,Lorem ipsu,,1111-2093,Lorem ipsum dolor sit amet,Lorem ipsum dolor sit amet,Lorem ipsum dolor sit amet
b11a0d36-d6d4-4bd8-9d8e-9ee101760c3b,Berkshire by the Sea,126 North Ocean Boulevard ,,Delray Beach ,Palm Beach,FL,33483-7045 ,,26.464657,-80.05877,"select * from json where url=""http://maps.googleapis.com/maps/api/geocode/json?address=126+North+Ocean+Boulevard,33483-7045&sensor=false""",39677.7,Lorem ipsum dolor sit amet,,,,36,68,Lorem ipsum dolor sit amet,255.4,85.5,1144.32,111144.34,111144.3,123151.34,44.5,11144.23,111144,7/8/2007 9:28,Lorem ipsum dolor sit amet,Lorem ipsum dolor sit amet,Lorem ipsum dolor sit amet,144.23,1144.32,Lorem ipsum dolor sit amet,Lorem ipsum dolor sit amet,Lorem ipsum dolor sit amet,Lorem ipsum dolor sit amet,Lorem ipsum dolor sit amet,Lorem ipsum dolor sit amet,Lorem ipsum dolor sit amet,98739.4,51.5,33.11,33.11,Lorem ipsu,,1111-2092,Lorem ipsum dolor sit amet,Lorem ipsum dolor sit amet,Lorem ipsum dolor sit amet
b11a0d36-d6d4-4bd8-9d8e-9ee101760c3b,Vinings at Delray Beach Apartments,650 Lavers Circle ,,Delray Beach ,Palm Beach,FL,33444,,26.438576,-80.080246,"select * from json where url=""http://maps.googleapis.com/maps/api/geocode/json?address=650+Lavers+Circle,33444&sensor=false""",11132.88,Lorem ipsum dolor sit amet,,,,37,69,Lorem ipsum dolor sit amet,256.4,85.5,1145.32,111145.34,111145.3,123152.34,45.5,11145.23,111145,1/30/2007 2:32,Lorem ipsum dolor sit amet,Lorem ipsum dolor sit amet,Lorem ipsum dolor sit amet,145.23,1145.32,Lorem ipsum dolor sit amet,Lorem ipsum dolor sit amet,Lorem ipsum dolor sit amet,Lorem ipsum dolor sit amet,Lorem ipsum dolor sit amet,Lorem ipsum dolor sit amet,Lorem ipsum dolor sit amet,41649.76,52.5,34.11,34.11,Lorem ipsu,,1111-2091,Lorem ipsum dolor sit amet,Lorem ipsum dolor sit amet,Lorem ipsum dolor sit amet
b11a0d36-d6d4-4bd8-9d8e-9ee101760c3b,Spring Harbor at the Landing,1495 Spring Harbor Drive ,,Delray Beach ,Palm Beach,FL,33445,,26.437984,-80.09267,"select * from json where url=""http://maps.googleapis.com/maps/api/geocode/json?address=1495+Spring+Harbor+Drive,33445&sensor=false""",19996.65,Lorem ipsum dolor sit amet,,,,38,70,Lorem ipsum dolor sit amet,257.4,85.5,1146.32,111146.34,111146.3,123153.34,46.5,11146.23,111146,3/4/2005 8:10,Lorem ipsum dolor sit amet,Lorem ipsum dolor sit amet,Lorem ipsum dolor sit amet,146.23,1146.32,Lorem ipsum dolor sit amet,Lorem ipsum dolor sit amet,Lorem ipsum dolor sit amet,Lorem ipsum dolor sit amet,Lorem ipsum dolor sit amet,Lorem ipsum dolor sit amet,Lorem ipsum dolor sit amet,59377.3,53.5,35.11,35.11,Lorem ipsu,,1111-2090,Lorem ipsum dolor sit amet,Lorem ipsum dolor sit amet,Lorem ipsum dolor sit amet
b11a0d36-d6d4-4bd8-9d8e-9ee101760c3b,Pineapple Grove,325 Northeast 2nd Street ,,Delray Beach ,Palm Beach,FL,33444-3733 ,,26.465328,-80.06915,"select * from json where url=""http://maps.googleapis.com/maps/api/geocode/json?address=325+Northeast+2nd+Street,33444-3733&sensor=false""",17990.77,Lorem ipsum dolor sit amet,,,,39,71,Lorem ipsum dolor sit amet,258.4,85.5,1147.32,111147.34,111147.3,123154.34,47.5,11147.23,111147,3/28/1991 15:51,Lorem ipsum dolor sit amet,Lorem ipsum dolor sit amet,Lorem ipsum dolor sit amet,147.23,1147.32,Lorem ipsum dolor sit amet,Lorem ipsum dolor sit amet,Lorem ipsum dolor sit amet,Lorem ipsum dolor sit amet,Lorem ipsum dolor sit amet,Lorem ipsum dolor sit amet,Lorem ipsum dolor sit amet,55365.54,54.5,36.11,36.11,Lorem ipsu,,1111-2089,Lorem ipsum dolor sit amet,Lorem ipsum dolor sit amet,Lorem ipsum dolor sit amet
b11a0d36-d6d4-4bd8-9d8e-9ee101760c3b,Citation Club Apartments,4801 South Citation ,,Delray Beach ,Palm Beach,FL,33445,,26.436104,-80.11936,"select * from json where url=""http://maps.googleapis.com/maps/api/geocode/json?address=4801+South+Citation,33445&sensor=false""",11212.87,Lorem ipsum dolor sit amet,,,,40,72,Lorem ipsum dolor sit amet,259.4,85.5,1148.32,111148.34,111148.3,123155.34,48.5,11148.23,111148,4/17/1994 19:40,Lorem ipsum dolor sit amet,Lorem ipsum dolor sit amet,Lorem ipsum dolor sit amet,148.23,1148.32,Lorem ipsum dolor sit amet,Lorem ipsum dolor sit amet,Lorem ipsum dolor sit amet,Lorem ipsum dolor sit amet,Lorem ipsum dolor sit amet,Lorem ipsum dolor sit amet,Lorem ipsum dolor sit amet,41809.74,55.5,37.11,37.11,Lorem ipsu,,1111-2088,Lorem ipsum dolor sit amet,Lorem ipsum dolor sit amet,Lorem ipsum dolor sit amet
b11a0d36-d6d4-4bd8-9d8e-9ee101760c3b,East Wind Beach Club,150 North Ocean Boulevard ,,Delray Beach ,Palm Beach,FL,33483-7028 ,,26.464743,-80.05785,"select * from json where url=""http://maps.googleapis.com/maps/api/geocode/json?address=150+North+Ocean+Boulevard,33483-7028&sensor=false""",19787.78,Lorem ipsum dolor sit amet,,,,41,73,Lorem ipsum dolor sit amet,260.4,85.5,1149.32,111149.34,111149.3,123156.34,49.5,11149.23,111149,11/5/1988 9:05,Lorem ipsum dolor sit amet,Lorem ipsum dolor sit amet,Lorem ipsum dolor sit amet,149.23,1149.32,Lorem ipsum dolor sit amet,Lorem ipsum dolor sit amet,Lorem ipsum dolor sit amet,Lorem ipsum dolor sit amet,Lorem ipsum dolor sit amet,Lorem ipsum dolor sit amet,Lorem ipsum dolor sit amet,58959.56,56.5,38.11,38.11,Lorem ipsu,,1111-2087,Lorem ipsum dolor sit amet,Lorem ipsum dolor sit amet,Lorem ipsum dolor sit amet
b11a0d36-d6d4-4bd8-9d8e-9ee101760c3b,Wedgewood,6370 Pinehurst Cir W ,,Tamarac ,Broward,FL,33321-3512,,26.203114,-80.2721,"select * from json where url=""http://maps.googleapis.com/maps/api/geocode/json?address=6370+Pinehurst+Cir+W,33321-3512&sensor=false""",48667.55,Lorem ipsum dolor sit amet,,,,42,74,Lorem ipsum dolor sit amet,261.4,85.5,1150.32,111150.34,111150.3,123157.34,50.5,11150.23,111150,12/31/2006 15:03,Lorem ipsum dolor sit amet,Lorem ipsum dolor sit amet,Lorem ipsum dolor sit amet,150.23,1150.32,Lorem ipsum dolor sit amet,Lorem ipsum dolor sit amet,Lorem ipsum dolor sit amet,Lorem ipsum dolor sit amet,Lorem ipsum dolor sit amet,Lorem ipsum dolor sit amet,Lorem ipsum dolor sit amet,116719.1,57.5,39.11,39.11,Lorem ipsu,,1111-2086,Lorem ipsum dolor sit amet,Lorem ipsum dolor sit amet,Lorem ipsum dolor sit amet
b11a0d36-d6d4-4bd8-9d8e-9ee101760c3b,Rectory Park Apartments,20 West Atlantic Avenue ,,Delray Beach ,Palm Beach,FL,33444-3685 ,,26.461119,-80.07381,"select * from json where url=""http://maps.googleapis.com/maps/api/geocode/json?address=20+West+Atlantic+Avenue,33444-3685&sensor=false""",36756.56,Lorem ipsum dolor sit amet,,,,43,75,Lorem ipsum dolor sit amet,262.4,85.5,1151.32,111151.34,111151.3,123158.34,51.5,11151.23,111151,3/22/2003 23:43,Lorem ipsum dolor sit amet,Lorem ipsum dolor sit amet,Lorem ipsum dolor sit amet,151.23,1151.32,Lorem ipsum dolor sit amet,Lorem ipsum dolor sit amet,Lorem ipsum dolor sit amet,Lorem ipsum dolor sit amet,Lorem ipsum dolor sit amet,Lorem ipsum dolor sit amet,Lorem ipsum dolor sit amet,92897.12,58.5,40.11,40.11,Lorem ipsu,,1111-2085,Lorem ipsum dolor sit amet,Lorem ipsum dolor sit amet,Lorem ipsum dolor sit amet
b11a0d36-d6d4-4bd8-9d8e-9ee101760c3b,The Strand on the Intracoastal ,255 Evernia Street ,,West Palm Beach,Palm Beach,FL,33401,,26.71144,-80.05133,"select * from json where url=""http://maps.googleapis.com/maps/api/geocode/json?address=255+Evernia+Street,33401&sensor=false""",23017.04,Lorem ipsum dolor sit amet,,,,44,76,Lorem ipsum dolor sit amet,263.4,85.5,1152.32,111152.34,111152.3,123159.34,52.5,11152.23,111152,3/14/2000 21:29,Lorem ipsum dolor sit amet,Lorem ipsum dolor sit amet,Lorem ipsum dolor sit amet,152.23,1152.32,Lorem ipsum dolor sit amet,Lorem ipsum dolor sit amet,Lorem ipsum dolor sit amet,Lorem ipsum dolor sit amet,Lorem ipsum dolor sit amet,Lorem ipsum dolor sit amet,Lorem ipsum dolor sit amet,65418.08,59.5,41.11,41.11,Lorem ipsu,,1111-2084,Lorem ipsum dolor sit amet,Lorem ipsum dolor sit amet,Lorem ipsum dolor sit amet
b11a0d36-d6d4-4bd8-9d8e-9ee101760c3b,Rosemary Village,819 N Sapodilla Ave ,,West Palm Beach,Palm Beach,FL,33401-3602 ,,26.720627,-80.05859,"select * from json where url=""http://maps.googleapis.com/maps/api/geocode/json?address=819+N+Sapodilla+Ave,33401-3602&sensor=false""",33018.05,Lorem ipsum dolor sit amet,,,,45,77,Lorem ipsum dolor sit amet,264.4,85.5,1153.32,111153.34,111153.3,123160.34,53.5,11153.23,111153,1/25/2009 23:02,Lorem ipsum dolor sit amet,Lorem ipsum dolor sit amet,Lorem ipsum dolor sit amet,153.23,1153.32,Lorem ipsum dolor sit amet,Lorem ipsum dolor sit amet,Lorem ipsum dolor sit amet,Lorem ipsum dolor sit amet,Lorem ipsum dolor sit amet,Lorem ipsum dolor sit amet,Lorem ipsum dolor sit amet,85420.1,60.5,42.11,42.11,Lorem ipsu,,1111-2083,Lorem ipsum dolor sit amet,Lorem ipsum dolor sit amet,Lorem ipsum dolor sit amet
b11a0d36-d6d4-4bd8-9d8e-9ee101760c3b,Palm Bay Villas,500 North Congress Avenue ,,West Palm Beach,Palm Beach,FL,33401-8700 ,,26.717285,-80.08004,"select * from json where url=""http://maps.googleapis.com/maps/api/geocode/json?address=500+North+Congress+Avenue,33401-8700&sensor=false""",34019.06,Lorem ipsum dolor sit amet,,,,46,78,Lorem ipsum dolor sit amet,265.4,85.5,1154.32,111154.34,111154.3,123161.34,54.5,11154.23,111154,7/1/1998 8:15,Lorem ipsum dolor sit amet,Lorem ipsum dolor sit amet,Lorem ipsum dolor sit amet,154.23,1154.32,Lorem ipsum dolor sit amet,Lorem ipsum dolor sit amet,Lorem ipsum dolor sit amet,Lorem ipsum dolor sit amet,Lorem ipsum dolor sit amet,Lorem ipsum dolor sit amet,Lorem ipsum dolor sit amet,87422.12,61.5,43.11,43.11,Lorem ipsu,,1111-2082,Lorem ipsum dolor sit amet,Lorem ipsum dolor sit amet,Lorem ipsum dolor sit amet
b11a0d36-d6d4-4bd8-9d8e-9ee101760c3b,Clear Lake Club,710 Executive Center Drive ,,West Palm Beach,Palm Beach,FL,33401-4907 ,,26.711145,-80.07441,"select * from json where url=""http://maps.googleapis.com/maps/api/geocode/json?address=710+Executive+Center+Drive,33401-4907&sensor=false""",27776.65,Lorem ipsum dolor sit amet,,,,47,79,Lorem ipsum dolor sit amet,266.4,85.5,1155.32,111155.34,111155.3,123162.34,55.5,11155.23,111155,3/3/1998 1:22,Lorem ipsum dolor sit amet,Lorem ipsum dolor sit amet,Lorem ipsum dolor sit amet,155.23,1155.32,Lorem ipsum dolor sit amet,Lorem ipsum dolor sit amet,Lorem ipsum dolor sit amet,Lorem ipsum dolor sit amet,Lorem ipsum dolor sit amet,Lorem ipsum dolor sit amet,Lorem ipsum dolor sit amet,74937.3,62.5,44.11,44.11,Lorem ipsu,,1111-2081,Lorem ipsum dolor sit amet,Lorem ipsum dolor sit amet,Lorem ipsum dolor sit amet
b11a0d36-d6d4-4bd8-9d8e-9ee101760c3b,Ballet Village Apartment,430 South Rosemary Avenue ,,West Palm Beach,Palm Beach,FL,33401-5736 ,,26.710135,-80.05589,"select * from json where url=""http://maps.googleapis.com/maps/api/geocode/json?address=430+South+Rosemary+Avenue,33401-5736&sensor=false""",25454.54,Lorem ipsum dolor sit amet,,,,48,80,Lorem ipsum dolor sit amet,267.4,85.5,1156.32,111156.34,111156.3,123163.34,56.5,11156.23,111156,11/9/2007 10:42,Lorem ipsum dolor sit amet,Lorem ipsum dolor sit amet,Lorem ipsum dolor sit amet,156.23,1156.32,Lorem ipsum dolor sit amet,Lorem ipsum dolor sit amet,Lorem ipsum dolor sit amet,Lorem ipsum dolor sit amet,Lorem ipsum dolor sit amet,Lorem ipsum dolor sit amet,Lorem ipsum dolor sit amet,70293.08,63.5,45.11,45.11,Lorem ipsu,,1111-2080,Lorem ipsum dolor sit amet,Lorem ipsum dolor sit amet,Lorem ipsum dolor sit amet
b11a0d36-d6d4-4bd8-9d8e-9ee101760c3b,Village Crossing Apartments,3101 Village Blvd ,,West Palm Beach,Palm Beach,FL,33409,,26.73943,-80.0913,"select * from json where url=""http://maps.googleapis.com/maps/api/geocode/json?address=3101+Village+Blvd,33409&sensor=false""",45453.54,Lorem ipsum dolor sit amet,,,,49,81,Lorem ipsum dolor sit amet,268.4,85.5,1157.32,111157.34,111157.3,123164.34,57.5,11157.23,111157,1/5/2007 9:14,Lorem ipsum dolor sit amet,Lorem ipsum dolor sit amet,Lorem ipsum dolor sit amet,157.23,1157.32,Lorem ipsum dolor sit amet,Lorem ipsum dolor sit amet,Lorem ipsum dolor sit amet,Lorem ipsum dolor sit amet,Lorem ipsum dolor sit amet,Lorem ipsum dolor sit amet,Lorem ipsum dolor sit amet,110291.08,64.5,46.11,46.11,Lorem ipsu,,1111-2079,Lorem ipsum dolor sit amet,Lorem ipsum dolor sit amet,Lorem ipsum dolor sit amet
b11a0d36-d6d4-4bd8-9d8e-9ee101760c3b,Merry Place Apartments,451 Cheerful Court ,,West Palm Beach,Palm Beach,FL,33401,,26.730276,-80.05467,"select * from json where url=""http://maps.googleapis.com/maps/api/geocode/json?address=451+Cheerful+Court,33401&sensor=false""",24348.87,Lorem ipsum dolor sit amet,,,,50,82,Lorem ipsum dolor sit amet,269.4,85.5,1158.32,111158.34,111158.3,123165.34,58.5,11158.23,111158,1/4/2003 2:10,Lorem ipsum dolor sit amet,Lorem ipsum dolor sit amet,Lorem ipsum dolor sit amet,158.23,1158.32,Lorem ipsum dolor sit amet,Lorem ipsum dolor sit amet,Lorem ipsum dolor sit amet,Lorem ipsum dolor sit amet,Lorem ipsum dolor sit amet,Lorem ipsum dolor sit amet,Lorem ipsum dolor sit amet,68081.74,65.5,47.11,47.11,Lorem ipsu,,1111-2078,Lorem ipsum dolor sit amet,Lorem ipsum dolor sit amet,Lorem ipsum dolor sit amet
b11a0d36-d6d4-4bd8-9d8e-9ee101760c3b,Lakeside Commons,550 Executive Center Drive ,,West Palm Beach,Palm Beach,FL,33401-4902 ,,26.710999,-80.076385,"select * from json where url=""http://maps.googleapis.com/maps/api/geocode/json?address=550+Executive+Center+Drive,33401-4902&sensor=false""",45666.56,Lorem ipsum dolor sit amet,,,,51,83,Lorem ipsum dolor sit amet,270.4,85.5,1159.32,111159.34,111159.3,123166.34,59.5,11159.23,111159,5/17/2010 8:27,Lorem ipsum dolor sit amet,Lorem ipsum dolor sit amet,Lorem ipsum dolor sit amet,159.23,1159.32,Lorem ipsum dolor sit amet,Lorem ipsum dolor sit amet,Lorem ipsum dolor sit amet,Lorem ipsum dolor sit amet,Lorem ipsum dolor sit amet,Lorem ipsum dolor sit amet,Lorem ipsum dolor sit amet,110717.12,66.5,48.11,48.11,Lorem ipsu,,1111-2077,Lorem ipsum dolor sit amet,Lorem ipsum dolor sit amet,Lorem ipsum dolor sit amet
b11a0d36-d6d4-4bd8-9d8e-9ee101760c3b,Terrazas River Park Village,1861 Northwest South River Drive ,,Miami ,Miami-Dade,FL,33125-2700 ,,25.78454,-80.2257,"select * from json where url=""http://maps.googleapis.com/maps/api/geocode/json?address=1861+Northwest+South+River+Drive,33125-2700&sensor=false""",26576.65,Lorem ipsum dolor sit amet,,,,52,84,Lorem ipsum dolor sit amet,271.4,85.5,1160.32,111160.34,111160.3,123167.34,60.5,11160.23,111160,4/5/2010 13:04,Lorem ipsum dolor sit amet,Lorem ipsum dolor sit amet,Lorem ipsum dolor sit amet,160.23,1160.32,Lorem ipsum dolor sit amet,Lorem ipsum dolor sit amet,Lorem ipsum dolor sit amet,Lorem ipsum dolor sit amet,Lorem ipsum dolor sit amet,Lorem ipsum dolor sit amet,Lorem ipsum dolor sit amet,72537.3,67.5,49.11,49.11,Lorem ipsu,,1111-2076,Lorem ipsum dolor sit amet,Lorem ipsum dolor sit amet,Lorem ipsum dolor sit amet
b11a0d36-d6d4-4bd8-9d8e-9ee101760c3b,Bermuda House Apartments,1160 NW N. River Drive ,,Miami ,Miami-Dade,FL,33136,,25.782808,-80.21382,"select * from json where url=""http://maps.googleapis.com/maps/api/geocode/json?address=1160+NW+N.+River+Drive,33136&sensor=false""",14566.65,Lorem ipsum dolor sit amet,,,,53,85,Lorem ipsum dolor sit amet,272.4,85.5,1161.32,111161.34,111161.3,123168.34,61.5,11161.23,111161,4/26/2010 19:07,Lorem ipsum dolor sit amet,Lorem ipsum dolor sit amet,Lorem ipsum dolor sit amet,161.23,1161.32,Lorem ipsum dolor sit amet,Lorem ipsum dolor sit amet,Lorem ipsum dolor sit amet,Lorem ipsum dolor sit amet,Lorem ipsum dolor sit amet,Lorem ipsum dolor sit amet,Lorem ipsum dolor sit amet,48517.3,68.5,50.11,50.11,Lorem ipsu,,1111-2075,Lorem ipsum dolor sit amet,Lorem ipsum dolor sit amet,Lorem ipsum dolor sit amet
b11a0d36-d6d4-4bd8-9d8e-9ee101760c3b,Santa Clara Apartments,1251 NW 20th St ,,Miami ,Miami-Dade,FL,33142-7712 ,,25.79527,-80.21575,"select * from json where url=""http://maps.googleapis.com/maps/api/geocode/json?address=1251+NW+20th+St,33142-7712&sensor=false""",31180.99,Lorem ipsum dolor sit amet,,,,54,86,Lorem ipsum dolor sit amet,273.4,85.5,1162.32,111162.34,111162.3,123169.34,62.5,11162.23,111162,11/29/2002 19:20,Lorem ipsum dolor sit amet,Lorem ipsum dolor sit amet,Lorem ipsum dolor sit amet,162.23,1162.32,Lorem ipsum dolor sit amet,Lorem ipsum dolor sit amet,Lorem ipsum dolor sit amet,Lorem ipsum dolor sit amet,Lorem ipsum dolor sit amet,Lorem ipsum dolor sit amet,Lorem ipsum dolor sit amet,81745.98,69.5,51.11,51.11,Lorem ipsu,,1111-2074,Lorem ipsum dolor sit amet,Lorem ipsum dolor sit amet,Lorem ipsum dolor sit amet
b11a0d36-d6d4-4bd8-9d8e-9ee101760c3b,Miami Stadium Apartments,2625 Northwest 10th Avenue ,,Miami ,Miami-Dade,FL,33127-4065 ,,25.800533,-80.211365,"select * from json where url=""http://maps.googleapis.com/maps/api/geocode/json?address=2625+Northwest+10th+Avenue,33127-4065&sensor=false""",10004.53,Lorem ipsum dolor sit amet,,,,55,87,Lorem ipsum dolor sit amet,274.4,85.5,1163.32,111163.34,111163.3,123170.34,63.5,11163.23,111163,5/20/2010 19:28,Lorem ipsum dolor sit amet,Lorem ipsum dolor sit amet,Lorem ipsum dolor sit amet,163.23,1163.32,Lorem ipsum dolor sit amet,Lorem ipsum dolor sit amet,Lorem ipsum dolor sit amet,Lorem ipsum dolor sit amet,Lorem ipsum dolor sit amet,Lorem ipsum dolor sit amet,Lorem ipsum dolor sit amet,39393.06,70.5,52.11,52.11,Lorem ipsu,,1111-2073,Lorem ipsum dolor sit amet,Lorem ipsum dolor sit amet,Lorem ipsum dolor sit amet
b11a0d36-d6d4-4bd8-9d8e-9ee101760c3b,Dominion Tower,1400 Northwest 10th Avenue ,,Miami ,Miami-Dade,FL,33136-1001 ,,25.788141,-80.21143,"select * from json where url=""http://maps.googleapis.com/maps/api/geocode/json?address=1400+Northwest+10th+Avenue,33136-1001&sensor=false""",19223.32,Lorem ipsum dolor sit amet,,,,56,88,Lorem ipsum dolor sit amet,275.4,85.5,1164.32,111164.34,111164.3,123171.34,64.5,11164.23,111164,9/11/2006 22:29,Lorem ipsum dolor sit amet,Lorem ipsum dolor sit amet,Lorem ipsum dolor sit amet,164.23,1164.32,Lorem ipsum dolor sit amet,Lorem ipsum dolor sit amet,Lorem ipsum dolor sit amet,Lorem ipsum dolor sit amet,Lorem ipsum dolor sit amet,Lorem ipsum dolor sit amet,Lorem ipsum dolor sit amet,57830.64,71.5,53.11,53.11,Lorem ipsu,,1111-2072,Lorem ipsum dolor sit amet,Lorem ipsum dolor sit amet,Lorem ipsum dolor sit amet
b11a0d36-d6d4-4bd8-9d8e-9ee101760c3b,Civic Tower Apartments,1855 Northwest 15th Avenue ,,Miami ,Miami-Dade,FL,33125-5703 ,,25.792599,-80.22113,"select * from json where url=""http://maps.googleapis.com/maps/api/geocode/json?address=1855+Northwest+15th+Avenue,33125-5703&sensor=false""",57679.78,Lorem ipsum dolor sit amet,,,,57,89,Lorem ipsum dolor sit amet,276.4,85.5,1165.32,111165.34,111165.3,123172.34,65.5,11165.23,111165,11/29/2000 7:08,Lorem ipsum dolor sit amet,Lorem ipsum dolor sit amet,Lorem ipsum dolor sit amet,165.23,1165.32,Lorem ipsum dolor sit amet,Lorem ipsum dolor sit amet,Lorem ipsum dolor sit amet,Lorem ipsum dolor sit amet,Lorem ipsum dolor sit amet,Lorem ipsum dolor sit amet,Lorem ipsum dolor sit amet,134743.56,72.5,54.11,54.11,Lorem ipsu,,1111-2071,Lorem ipsum dolor sit amet,Lorem ipsum dolor sit amet,Lorem ipsum dolor sit amet
b11a0d36-d6d4-4bd8-9d8e-9ee101760c3b,Miami River Park Apartments,445 NW 4th St ,,Miami ,Miami-Dade,FL,33128-1701 ,,25.77784,-80.20233,"select * from json where url=""http://maps.googleapis.com/maps/api/geocode/json?address=445+NW+4th+St,33128-1701&sensor=false""",48787.76,Lorem ipsum dolor sit amet,,,,58,90,Lorem ipsum dolor sit amet,277.4,85.5,1166.32,111166.34,111166.3,123173.34,66.5,11166.23,111166,5/17/2008 1:44,Lorem ipsum dolor sit amet,Lorem ipsum dolor sit amet,Lorem ipsum dolor sit amet,166.23,1166.32,Lorem ipsum dolor sit amet,Lorem ipsum dolor sit amet,Lorem ipsum dolor sit amet,Lorem ipsum dolor sit amet,Lorem ipsum dolor sit amet,Lorem ipsum dolor sit amet,Lorem ipsum dolor sit amet,116959.52,73.5,55.11,55.11,Lorem ipsu,,1111-2070,Lorem ipsum dolor sit amet,Lorem ipsum dolor sit amet,Lorem ipsum dolor sit amet
b11a0d36-d6d4-4bd8-9d8e-9ee101760c3b,Belle Isle Court Apartments,31 Venetian Way ,,Miami Beach ,Miami-Dade,FL,33139-8806 ,,25.792109,-80.14765,"select * from json where url=""http://maps.googleapis.com/maps/api/geocode/json?address=31+Venetian+Way,33139-8806&sensor=false""",10004.09,Lorem ipsum dolor sit amet,,,,59,91,Lorem ipsum dolor sit amet,278.4,85.5,1167.32,111167.34,111167.3,123174.34,67.5,11167.23,111167,5/3/2010 20:37,Lorem ipsum dolor sit amet,Lorem ipsum dolor sit amet,Lorem ipsum dolor sit amet,167.23,1167.32,Lorem ipsum dolor sit amet,Lorem ipsum dolor sit amet,Lorem ipsum dolor sit amet,Lorem ipsum dolor sit amet,Lorem ipsum dolor sit amet,Lorem ipsum dolor sit amet,Lorem ipsum dolor sit amet,39392.18,74.5,56.11,56.11,Lorem ipsu,,1111-2069,Lorem ipsum dolor sit amet,Lorem ipsum dolor sit amet,Lorem ipsum dolor sit amet
b11a0d36-d6d4-4bd8-9d8e-9ee101760c3b,Southgate Towers Apartments,900 West Avenue ,,Miami Beach ,Miami-Dade,FL,33139-5233 ,,25.779757,-80.14218,"select * from json where url=""http://maps.googleapis.com/maps/api/geocode/json?address=900+West+Avenue,33139-5233&sensor=false""",59989.87,Lorem ipsum dolor sit amet,,,,60,92,Lorem ipsum dolor sit amet,279.4,85.5,1168.32,111168.34,111168.3,123175.34,68.5,11168.23,111168,10/26/2009 6:57,Lorem ipsum dolor sit amet,Lorem ipsum dolor sit amet,Lorem ipsum dolor sit amet,168.23,1168.32,Lorem ipsum dolor sit amet,Lorem ipsum dolor sit amet,Lorem ipsum dolor sit amet,Lorem ipsum dolor sit amet,Lorem ipsum dolor sit amet,Lorem ipsum dolor sit amet,Lorem ipsum dolor sit amet,139363.74,75.5,57.11,57.11,Lorem ipsu,,1111-2068,Lorem ipsum dolor sit amet,Lorem ipsum dolor sit amet,Lorem ipsum dolor sit amet
b11a0d36-d6d4-4bd8-9d8e-9ee101760c3b,Flamingo South Beach Center Tower,1504 Bay Rd ,,Miami Beach ,Miami-Dade,FL,33139,,25.788523,-80.14371,"select * from json where url=""http://maps.googleapis.com/maps/api/geocode/json?address=1504+Bay+Rd,33139&sensor=false""",42388.75,Lorem ipsum dolor sit amet,,,,61,93,Lorem ipsum dolor sit amet,280.4,85.5,1169.32,111169.34,111169.3,123176.34,69.5,11169.23,111169,1/17/2002 8:45,Lorem ipsum dolor sit amet,Lorem ipsum dolor sit amet,Lorem ipsum dolor sit amet,169.23,1169.32,Lorem ipsum dolor sit amet,Lorem ipsum dolor sit amet,Lorem ipsum dolor sit amet,Lorem ipsum dolor sit amet,Lorem ipsum dolor sit amet,Lorem ipsum dolor sit amet,Lorem ipsum dolor sit amet,104161.5,76.5,58.11,58.11,Lorem ipsu,,1111-2067,Lorem ipsum dolor sit amet,Lorem ipsum dolor sit amet,Lorem ipsum dolor sit amet
b11a0d36-d6d4-4bd8-9d8e-9ee101760c3b,Crown At Miami Beach,4041 Collins Avenue ,,Miami Beach ,Miami-Dade,FL,33140,,25.812675,-80.12247,"select * from json where url=""http://maps.googleapis.com/maps/api/geocode/json?address=4041+Collins+Avenue,33140&sensor=false""",32398.87,Lorem ipsum dolor sit amet,,,,62,94,Lorem ipsum dolor sit amet,281.4,85.5,1170.32,111170.34,111170.3,123177.34,70.5,11170.23,111170,2/15/2009 1:35,Lorem ipsum dolor sit amet,Lorem ipsum dolor sit amet,Lorem ipsum dolor sit amet,170.23,1170.32,Lorem ipsum dolor sit amet,Lorem ipsum dolor sit amet,Lorem ipsum dolor sit amet,Lorem ipsum dolor sit amet,Lorem ipsum dolor sit amet,Lorem ipsum dolor sit amet,Lorem ipsum dolor sit amet,84181.74,77.5,59.11,59.11,Lorem ipsu,,1111-2066,Lorem ipsum dolor sit amet,Lorem ipsum dolor sit amet,Lorem ipsum dolor sit amet
b11a0d36-d6d4-4bd8-9d8e-9ee101760c3b,Yacht Club At Brickell Apartments,1111 Brickell Bay Dr ,,Miami ,Miami-Dade,FL,33131,,25.762789,-80.18949,"select * from json where url=""http://maps.googleapis.com/maps/api/geocode/json?address=1111+Brickell+Bay+Dr,33131&sensor=false""",29997.76,Lorem ipsum dolor sit amet,,,,63,95,Lorem ipsum dolor sit amet,282.4,85.5,1171.32,111171.34,111171.3,123178.34,71.5,11171.23,111171,2/5/1995 7:30,Lorem ipsum dolor sit amet,Lorem ipsum dolor sit amet,Lorem ipsum dolor sit amet,171.23,1171.32,Lorem ipsum dolor sit amet,Lorem ipsum dolor sit amet,Lorem ipsum dolor sit amet,Lorem ipsum dolor sit amet,Lorem ipsum dolor sit amet,Lorem ipsum dolor sit amet,Lorem ipsum dolor sit amet,79379.52,78.5,60.11,60.11,Lorem ipsu,,1111-2065,Lorem ipsum dolor sit amet,Lorem ipsum dolor sit amet,Lorem ipsum dolor sit amet
b11a0d36-d6d4-4bd8-9d8e-9ee101760c3b,Grandview Palace LLC,7601 E Treasure Dr ,,North Bay Vlg ,Miami-Dade,FL,33141-4371 ,,25.847773,-80.14593,"select * from json where url=""http://maps.googleapis.com/maps/api/geocode/json?address=7601+E+Treasure+Dr,33141-4371&sensor=false""",48756.77,Lorem ipsum dolor sit amet,,,,64,96,Lorem ipsum dolor sit amet,283.4,85.5,1172.32,111172.34,111172.3,123179.34,72.5,11172.23,111172,3/26/1998 19:45,Lorem ipsum dolor sit amet,Lorem ipsum dolor sit amet,Lorem ipsum dolor sit amet,172.23,1172.32,Lorem ipsum dolor sit amet,Lorem ipsum dolor sit amet,Lorem ipsum dolor sit amet,Lorem ipsum dolor sit amet,Lorem ipsum dolor sit amet,Lorem ipsum dolor sit amet,Lorem ipsum dolor sit amet,116897.54,79.5,61.11,61.11,Lorem ipsu,,1111-2064,Lorem ipsum dolor sit amet,Lorem ipsum dolor sit amet,Lorem ipsum dolor sit amet
b11a0d36-d6d4-4bd8-9d8e-9ee101760c3b,Fortuna House Apartments,432 NE 26th Street ,,Miami ,Miami-Dade,FL,33137,,25.801657,-80.18764,"select * from json where url=""http://maps.googleapis.com/maps/api/geocode/json?address=432+NE+26th+Street,33137&sensor=false""",32243.55,Lorem ipsum dolor sit amet,,,,65,97,Lorem ipsum dolor sit amet,284.4,85.5,1173.32,111173.34,111173.3,123180.34,73.5,11173.23,111173,3/25/1998 12:30,Lorem ipsum dolor sit amet,Lorem ipsum dolor sit amet,Lorem ipsum dolor sit amet,173.23,1173.32,Lorem ipsum dolor sit amet,Lorem ipsum dolor sit amet,Lorem ipsum dolor sit amet,Lorem ipsum dolor sit amet,Lorem ipsum dolor sit amet,Lorem ipsum dolor sit amet,Lorem ipsum dolor sit amet,83871.1,80.5,62.11,62.11,Lorem ipsu,,1111-2063,Lorem ipsum dolor sit amet,Lorem ipsum dolor sit amet,Lorem ipsum dolor sit amet
b11a0d36-d6d4-4bd8-9d8e-9ee101760c3b,Camden Brickell,50 SW 10th St ,,Miami ,Miami-Dade,FL,33130-4128 ,,25.76436,-80.194084,"select * from json where url=""http://maps.googleapis.com/maps/api/geocode/json?address=50+SW+10th+St,33130-4128&sensor=false""",53777.67,Lorem ipsum dolor sit amet,,,,66,98,Lorem ipsum dolor sit amet,285.4,85.5,1174.32,111174.34,111174.3,123181.34,74.5,11174.23,111174,7/6/2007 20:46,Lorem ipsum dolor sit amet,Lorem ipsum dolor sit amet,Lorem ipsum dolor sit amet,174.23,1174.32,Lorem ipsum dolor sit amet,Lorem ipsum dolor sit amet,Lorem ipsum dolor sit amet,Lorem ipsum dolor sit amet,Lorem ipsum dolor sit amet,Lorem ipsum dolor sit amet,Lorem ipsum dolor sit amet,126939.34,81.5,63.11,63.11,Lorem ipsu,,1111-2062,Lorem ipsum dolor sit amet,Lorem ipsum dolor sit amet,Lorem ipsum dolor sit amet
b11a0d36-d6d4-4bd8-9d8e-9ee101760c3b,Bermuda House Apartments,1160 NW N. River Drive ,,Miami ,Miami-Dade,FL,33136,,25.782808,-80.21382,"select * from json where url=""http://maps.googleapis.com/maps/api/geocode/json?address=1160+NW+N.+River+Drive,33136&sensor=false""",43767.76,Lorem ipsum dolor sit amet,,,,67,99,Lorem ipsum dolor sit amet,286.4,85.5,1175.32,111175.34,111175.3,123182.34,75.5,11175.23,111175,1/7/2010 4:44,Lorem ipsum dolor sit amet,Lorem ipsum dolor sit amet,Lorem ipsum dolor sit amet,175.23,1175.32,Lorem ipsum dolor sit amet,Lorem ipsum dolor sit amet,Lorem ipsum dolor sit amet,Lorem ipsum dolor sit amet,Lorem ipsum dolor sit amet,Lorem ipsum dolor sit amet,Lorem ipsum dolor sit amet,106919.52,82.5,64.11,64.11,Lorem ipsu,,1111-2061,Lorem ipsum dolor sit amet,Lorem ipsum dolor sit amet,Lorem ipsum dolor sit amet
b11a0d36-d6d4-4bd8-9d8e-9ee101760c3b,Fifteen Fifty Brickell Apartments,1550 Brickell Avenue ,,Miami ,Miami-Dade,FL,33129-1227 ,,25.757116,-80.19477,"select * from json where url=""http://maps.googleapis.com/maps/api/geocode/json?address=1550+Brickell+Avenue,33129-1227&sensor=false""",13234.77,Lorem ipsum dolor sit amet,,,,68,100,Lorem ipsum dolor sit amet,287.4,85.5,1176.32,111176.34,111176.3,123183.34,76.5,11176.23,111176,5/9/2010 9:35,Lorem ipsum dolor sit amet,Lorem ipsum dolor sit amet,Lorem ipsum dolor sit amet,176.23,1176.32,Lorem ipsum dolor sit amet,Lorem ipsum dolor sit amet,Lorem ipsum dolor sit amet,Lorem ipsum dolor sit amet,Lorem ipsum dolor sit amet,Lorem ipsum dolor sit amet,Lorem ipsum dolor sit amet,45853.54,83.5,65.11,65.11,Lorem ipsu,,1111-2060,Lorem ipsum dolor sit amet,Lorem ipsum dolor sit amet,Lorem ipsum dolor sit amet
b11a0d36-d6d4-4bd8-9d8e-9ee101760c3b,Atrium Luxury Apartments,150 SE 3rd Ave ,,Miami ,Miami-Dade,FL,33131-2012 ,,25.773031,-80.18927,"select * from json where url=""http://maps.googleapis.com/maps/api/geocode/json?address=150+SE+3rd+Ave,33131-2012&sensor=false""",46767.76,Lorem ipsum dolor sit amet,,,,69,101,Lorem ipsum dolor sit amet,288.4,85.5,1177.32,111177.34,111177.3,123184.34,77.5,11177.23,111177,8/19/2002 22:25,Lorem ipsum dolor sit amet,Lorem ipsum dolor sit amet,Lorem ipsum dolor sit amet,177.23,1177.32,Lorem ipsum dolor sit amet,Lorem ipsum dolor sit amet,Lorem ipsum dolor sit amet,Lorem ipsum dolor sit amet,Lorem ipsum dolor sit amet,Lorem ipsum dolor sit amet,Lorem ipsum dolor sit amet,112919.52,84.5,66.11,66.11,Lorem ipsu,,1111-2059,Lorem ipsum dolor sit amet,Lorem ipsum dolor sit amet,Lorem ipsum dolor sit amet
b11a0d36-d6d4-4bd8-9d8e-9ee101760c3b,West Brickell Apartments,955 Southwest 2nd Avenue ,,Miami ,Miami-Dade,FL,33130-3578 ,,25.764868,-80.19728,"select * from json where url=""http://maps.googleapis.com/maps/api/geocode/json?address=955+Southwest+2nd+Avenue,33130-3578&sensor=false""",55788.77,Lorem ipsum dolor sit amet,,,,70,102,Lorem ipsum dolor sit amet,289.4,85.5,1178.32,111178.34,111178.3,123185.34,78.5,11178.23,111178,2/2/2010 11:11,Lorem ipsum dolor sit amet,Lorem ipsum dolor sit amet,Lorem ipsum dolor sit amet,178.23,1178.32,Lorem ipsum dolor sit amet,Lorem ipsum dolor sit amet,Lorem ipsum dolor sit amet,Lorem ipsum dolor sit amet,Lorem ipsum dolor sit amet,Lorem ipsum dolor sit amet,Lorem ipsum dolor sit amet,130961.54,85.5,67.11,67.11,Lorem ipsu,,1111-2058,Lorem ipsum dolor sit amet,Lorem ipsum dolor sit amet,Lorem ipsum dolor sit amet
b11a0d36-d6d4-4bd8-9d8e-9ee101760c3b,Brisas Del Mar ,556 West Flagler Street ,,Miami ,Miami-Dade,FL,33130-1315 ,,25.773355,-80.203735,"select * from json where url=""http://maps.googleapis.com/maps/api/geocode/json?address=556+West+Flagler+Street,33130-1315&sensor=false""",38677.77,Lorem ipsum dolor sit amet,,,,71,103,Lorem ipsum dolor sit amet,290.4,85.5,1179.32,111179.34,111179.3,123186.34,79.5,11179.23,111179,5/9/2010 10:13,Lorem ipsum dolor sit amet,Lorem ipsum dolor sit amet,Lorem ipsum dolor sit amet,179.23,1179.32,Lorem ipsum dolor sit amet,Lorem ipsum dolor sit amet,Lorem ipsum dolor sit amet,Lorem ipsum dolor sit amet,Lorem ipsum dolor sit amet,Lorem ipsum dolor sit amet,Lorem ipsum dolor sit amet,96739.54,86.5,68.11,68.11,Lorem ipsu,,1111-2057,Lorem ipsum dolor sit amet,Lorem ipsum dolor sit amet,Lorem ipsum dolor sit amet
b11a0d36-d6d4-4bd8-9d8e-9ee101760c3b,Brisas Del Mar ,11808 Northwest 10th Avenue ,,Miami,Miami Dade,FL,33168-6207 ,,25.883177,-80.21462,"select * from json where url=""http://maps.googleapis.com/maps/api/geocode/json?address=11808+Northwest+10th+Avenue,33168-6207&sensor=false""",12121.5,Lorem ipsum dolor sit amet,,,,72,104,Lorem ipsum dolor sit amet,291.4,85.5,1180.32,111180.34,111180.3,123187.34,80.5,11180.23,111180,1/11/2003 17:07,Lorem ipsum dolor sit amet,Lorem ipsum dolor sit amet,Lorem ipsum dolor sit amet,180.23,1180.32,Lorem ipsum dolor sit amet,Lorem ipsum dolor sit amet,Lorem ipsum dolor sit amet,Lorem ipsum dolor sit amet,Lorem ipsum dolor sit amet,Lorem ipsum dolor sit amet,Lorem ipsum dolor sit amet,43627,87.5,69.11,69.11,Lorem ipsu,,1111-2056,Lorem ipsum dolor sit amet,Lorem ipsum dolor sit amet,Lorem ipsum dolor sit amet
b11a0d36-d6d4-4bd8-9d8e-9ee101760c3b,Olympia Building Apartments,8 SE 2nd Avenue ,,Miami,Miami Dade,FL,33131,,25.774193,-80.19045,"select * from json where url=""http://maps.googleapis.com/maps/api/geocode/json?address=8+SE+2nd+Avenue,33131&sensor=false""",13214,Lorem ipsum dolor sit amet,,,,73,105,Lorem ipsum dolor sit amet,292.4,85.5,1181.32,111181.34,111181.3,123188.34,81.5,11181.23,111181,11/12/2003 16:13,Lorem ipsum dolor sit amet,Lorem ipsum dolor sit amet,Lorem ipsum dolor sit amet,181.23,1181.32,Lorem ipsum dolor sit amet,Lorem ipsum dolor sit amet,Lorem ipsum dolor sit amet,Lorem ipsum dolor sit amet,Lorem ipsum dolor sit amet,Lorem ipsum dolor sit amet,Lorem ipsum dolor sit amet,45812,88.5,70.11,70.11,Lorem ipsu,,1111-2055,Lorem ipsum dolor sit amet,Lorem ipsum dolor sit amet,Lorem ipsum dolor sit amet
b11a0d36-d6d4-4bd8-9d8e-9ee101760c3b,Hunter Riverwalk Apartments,524 Northwest 1st Street ,,Miami,Miami Dade,FL,33128-1572 ,,25.77456,-80.20297,"select * from json where url=""http://maps.googleapis.com/maps/api/geocode/json?address=524+Northwest+1st+Street,33128-1572&sensor=false""",43476.76,Lorem ipsum dolor sit amet,,,,74,106,Lorem ipsum dolor sit amet,293.4,85.5,1182.32,111182.34,111182.3,123189.34,82.5,11182.23,111182,11/8/2000 15:40,Lorem ipsum dolor sit amet,Lorem ipsum dolor sit amet,Lorem ipsum dolor sit amet,182.23,1182.32,Lorem ipsum dolor sit amet,Lorem ipsum dolor sit amet,Lorem ipsum dolor sit amet,Lorem ipsum dolor sit amet,Lorem ipsum dolor sit amet,Lorem ipsum dolor sit amet,Lorem ipsum dolor sit amet,106337.52,89.5,71.11,71.11,Lorem ipsu,,1111-2054,Lorem ipsum dolor sit amet,Lorem ipsum dolor sit amet,Lorem ipsum dolor sit amet
b11a0d36-d6d4-4bd8-9d8e-9ee101760c3b,Stanley Axlrod UTD Towers,1809 Brickell Avenue ,,Miami,Miami Dade,FL,33129-1619 ,,25.754774,-80.195496,"select * from json where url=""http://maps.googleapis.com/maps/api/geocode/json?address=1809+Brickell+Avenue,33129-1619&sensor=false""",50000,Lorem ipsum dolor sit amet,,,,75,107,Lorem ipsum dolor sit amet,294.4,85.5,1183.32,111183.34,111183.3,123190.34,83.5,11183.23,111183,4/27/2000 0:53,Lorem ipsum dolor sit amet,Lorem ipsum dolor sit amet,Lorem ipsum dolor sit amet,183.23,1183.32,Lorem ipsum dolor sit amet,Lorem ipsum dolor sit amet,Lorem ipsum dolor sit amet,Lorem ipsum dolor sit amet,Lorem ipsum dolor sit amet,Lorem ipsum dolor sit amet,Lorem ipsum dolor sit amet,119384,90.5,72.11,72.11,Lorem ipsu,,1111-2053,Lorem ipsum dolor sit amet,Lorem ipsum dolor sit amet,Lorem ipsum dolor sit amet
b11a0d36-d6d4-4bd8-9d8e-9ee101760c3b,Brickell Bay Plaza Inc,1201 Brickell Ave ,,Miami,Miami Dade,FL,33131-3223 ,,25.761883,-80.19126,"select * from json where url=""http://maps.googleapis.com/maps/api/geocode/json?address=1201+Brickell+Ave,33131-3223&sensor=false""",40000.43,Lorem ipsum dolor sit amet,,,,76,108,Lorem ipsum dolor sit amet,295.4,85.5,1184.32,111184.34,111184.3,123191.34,84.5,11184.23,111184,7/6/2008 7:15,Lorem ipsum dolor sit amet,Lorem ipsum dolor sit amet,Lorem ipsum dolor sit amet,184.23,1184.32,Lorem ipsum dolor sit amet,Lorem ipsum dolor sit amet,Lorem ipsum dolor sit amet,Lorem ipsum dolor sit amet,Lorem ipsum dolor sit amet,Lorem ipsum dolor sit amet,Lorem ipsum dolor sit amet,99384.86,91.5,73.11,73.11,Lorem ipsu,,1111-2052,Lorem ipsum dolor sit amet,Lorem ipsum dolor sit amet,Lorem ipsum dolor sit amet
b11a0d36-d6d4-4bd8-9d8e-9ee101760c3b,Ten Sixty Brickell Condominium,1060 Brickell Avenue ,,Miami,Miami Dade,FL,33131-3915 ,,25.7631,-80.19221,"select * from json where url=""http://maps.googleapis.com/maps/api/geocode/json?address=1060+Brickell+Avenue,33131-3915&sensor=false""",30043.11,Lorem ipsum dolor sit amet,,,,77,109,Lorem ipsum dolor sit amet,296.4,85.5,1185.32,111185.34,111185.3,123192.34,85.5,11185.23,111185,12/30/2005 3:35,Lorem ipsum dolor sit amet,Lorem ipsum dolor sit amet,Lorem ipsum dolor sit amet,185.23,1185.32,Lorem ipsum dolor sit amet,Lorem ipsum dolor sit amet,Lorem ipsum dolor sit amet,Lorem ipsum dolor sit amet,Lorem ipsum dolor sit amet,Lorem ipsum dolor sit amet,Lorem ipsum dolor sit amet,79470.22,92.5,74.11,74.11,Lorem ipsu,,1111-2051,Lorem ipsum dolor sit amet,Lorem ipsum dolor sit amet,Lorem ipsum dolor sit amet
b11a0d36-d6d4-4bd8-9d8e-9ee101760c3b,Brickell Station Lofts,100 Southwest 10th Street ,,Miami,Miami Dade,FL,33130,,25.764194,-80.19585,"select * from json where url=""http://maps.googleapis.com/maps/api/geocode/json?address=100+Southwest+10th+Street,33130&sensor=false""",18765.99,Lorem ipsum dolor sit amet,,,,78,110,Lorem ipsum dolor sit amet,297.4,85.5,1186.32,111186.34,111186.3,123193.34,86.5,11186.23,111186,2/7/2009 22:46,Lorem ipsum dolor sit amet,Lorem ipsum dolor sit amet,Lorem ipsum dolor sit amet,186.23,1186.32,Lorem ipsum dolor sit amet,Lorem ipsum dolor sit amet,Lorem ipsum dolor sit amet,Lorem ipsum dolor sit amet,Lorem ipsum dolor sit amet,Lorem ipsum dolor sit amet,Lorem ipsum dolor sit amet,56915.98,93.5,75.11,75.11,Lorem ipsu,,1111-2050,Lorem ipsum dolor sit amet,Lorem ipsum dolor sit amet,Lorem ipsum dolor sit amet
b11a0d36-d6d4-4bd8-9d8e-9ee101760c3b,Riverside Apartments,950 Southwest 1st Street ,,Miami,Miami Dade,FL,33130-1149 ,,25.772326,-80.21001,"select * from json where url=""http://maps.googleapis.com/maps/api/geocode/json?address=950+Southwest+1st+Street,33130-1149&sensor=false""",20004.43,Lorem ipsum dolor sit amet,,,,79,111,Lorem ipsum dolor sit amet,298.4,85.5,1187.32,111187.34,111187.3,123194.34,87.5,11187.23,111187,4/19/2002 2:00,Lorem ipsum dolor sit amet,Lorem ipsum dolor sit amet,Lorem ipsum dolor sit amet,187.23,1187.32,Lorem ipsum dolor sit amet,Lorem ipsum dolor sit amet,Lorem ipsum dolor sit amet,Lorem ipsum dolor sit amet,Lorem ipsum dolor sit amet,Lorem ipsum dolor sit amet,Lorem ipsum dolor sit amet,59392.86,94.5,76.11,76.11,Lorem ipsu,,1111-2049,Lorem ipsum dolor sit amet,Lorem ipsum dolor sit amet,Lorem ipsum dolor sit amet
b11a0d36-d6d4-4bd8-9d8e-9ee101760c3b,Rio Towers Ltd,905 SW 1st St ,,Miami,Miami Dade,FL,33130-1158 ,,25.772804,-80.20964,"select * from json where url=""http://maps.googleapis.com/maps/api/geocode/json?address=905+SW+1st+St,33130-1158&sensor=false""",33376.87,Lorem ipsum dolor sit amet,,,,80,112,Lorem ipsum dolor sit amet,299.4,85.5,1188.32,111188.34,111188.3,123195.34,88.5,11188.23,111188,11/14/2005 5:04,Lorem ipsum dolor sit amet,Lorem ipsum dolor sit amet,Lorem ipsum dolor sit amet,188.23,1188.32,Lorem ipsum dolor sit amet,Lorem ipsum dolor sit amet,Lorem ipsum dolor sit amet,Lorem ipsum dolor sit amet,Lorem ipsum dolor sit amet,Lorem ipsum dolor sit amet,Lorem ipsum dolor sit amet,86137.74,95.5,77.11,77.11,Lorem ipsu,,1111-2048,Lorem ipsum dolor sit amet,Lorem ipsum dolor sit amet,Lorem ipsum dolor sit amet
b11a0d36-d6d4-4bd8-9d8e-9ee101760c3b,Pointview Apartments,1430 Brickell Bay Drive ,,Miami,Miami Dade,FL,33131-3612 ,,25.757557,-80.18937,"select * from json where url=""http://maps.googleapis.com/maps/api/geocode/json?address=1430+Brickell+Bay+Drive,33131-3612&sensor=false""",48867.77,Lorem ipsum dolor sit amet,,,,81,113,Lorem ipsum dolor sit amet,300.4,85.5,1189.32,111189.34,111189.3,123196.34,89.5,11189.23,111189,10/9/2002 11:01,Lorem ipsum dolor sit amet,Lorem ipsum dolor sit amet,Lorem ipsum dolor sit amet,189.23,1189.32,Lorem ipsum dolor sit amet,Lorem ipsum dolor sit amet,Lorem ipsum dolor sit amet,Lorem ipsum dolor sit amet,Lorem ipsum dolor sit amet,Lorem ipsum dolor sit amet,Lorem ipsum dolor sit amet,117119.54,96.5,78.11,78.11,Lorem ipsu,,1111-2047,Lorem ipsum dolor sit amet,Lorem ipsum dolor sit amet,Lorem ipsum dolor sit amet
b11a0d36-d6d4-4bd8-9d8e-9ee101760c3b,Barlovento Apartments Inc,1245 NW 2nd St ,,Miami,Miami Dade,FL,33125-5649 ,,25.775417,-80.215904,"select * from json where url=""http://maps.googleapis.com/maps/api/geocode/json?address=1245+NW+2nd+St,33125-5649&sensor=false""",43874.88,Lorem ipsum dolor sit amet,,,,82,114,Lorem ipsum dolor sit amet,301.4,85.5,1190.32,111190.34,111190.3,123197.34,90.5,11190.23,111190,9/29/2010 8:39,Lorem ipsum dolor sit amet,Lorem ipsum dolor sit amet,Lorem ipsum dolor sit amet,190.23,1190.32,Lorem ipsum dolor sit amet,Lorem ipsum dolor sit amet,Lorem ipsum dolor sit amet,Lorem ipsum dolor sit amet,Lorem ipsum dolor sit amet,Lorem ipsum dolor sit amet,Lorem ipsum dolor sit amet,107133.76,97.5,79.11,79.11,Lorem ipsu,,1111-2046,Lorem ipsum dolor sit amet,Lorem ipsum dolor sit amet,Lorem ipsum dolor sit amet
b11a0d36-d6d4-4bd8-9d8e-9ee101760c3b,Casa Luna Apartments,1800 West Flagler Street ,,Miami,Miami Dade,FL,33135-1915 ,,25.772724,-80.22488,"select * from json where url=""http://maps.googleapis.com/maps/api/geocode/json?address=1800+West+Flagler+Street,33135-1915&sensor=false""",38723.33,Lorem ipsum dolor sit amet,,,,83,115,Lorem ipsum dolor sit amet,302.4,85.5,1191.32,111191.34,111191.3,123198.34,91.5,11191.23,111191,2/5/1994 18:39,Lorem ipsum dolor sit amet,Lorem ipsum dolor sit amet,Lorem ipsum dolor sit amet,191.23,1191.32,Lorem ipsum dolor sit amet,Lorem ipsum dolor sit amet,Lorem ipsum dolor sit amet,Lorem ipsum dolor sit amet,Lorem ipsum dolor sit amet,Lorem ipsum dolor sit amet,Lorem ipsum dolor sit amet,96830.66,98.5,80.11,80.11,Lorem ipsu,,1111-2045,Lorem ipsum dolor sit amet,Lorem ipsum dolor sit amet,Lorem ipsum dolor sit amet
b11a0d36-d6d4-4bd8-9d8e-9ee101760c3b,Tuscan Place Apartments,600 6th Street ,,Miami Beach ,Miami-Dade,FL,33139,,25.775845,-80.1344,"select * from json where url=""http://maps.googleapis.com/maps/api/geocode/json?address=600+6th+Street,33139&sensor=false""",36444.43,Lorem ipsum dolor sit amet,,,,84,116,Lorem ipsum dolor sit amet,303.4,85.5,1192.32,111192.34,111192.3,123199.34,92.5,11192.23,111192,3/3/1994 12:22,Lorem ipsum dolor sit amet,Lorem ipsum dolor sit amet,Lorem ipsum dolor sit amet,192.23,1192.32,Lorem ipsum dolor sit amet,Lorem ipsum dolor sit amet,Lorem ipsum dolor sit amet,Lorem ipsum dolor sit amet,Lorem ipsum dolor sit amet,Lorem ipsum dolor sit amet,Lorem ipsum dolor sit amet,92272.86,99.5,81.11,81.11,Lorem ipsu,,1111-2044,Lorem ipsum dolor sit amet,Lorem ipsum dolor sit amet,Lorem ipsum dolor sit amet
b11a0d36-d6d4-4bd8-9d8e-9ee101760c3b,Blackstone Apartments,800 Washington Avenue ,,Miami Beach ,Miami-Dade,FL,33139-0800 ,,25.77849,-80.133484,"select * from json where url=""http://maps.googleapis.com/maps/api/geocode/json?address=800+Washington+Avenue,33139-0800&sensor=false""",31142.87,Lorem ipsum dolor sit amet,,,,85,117,Lorem ipsum dolor sit amet,304.4,85.5,1193.32,111193.34,111193.3,123200.34,93.5,11193.23,111193,2/9/1988 17:52,Lorem ipsum dolor sit amet,Lorem ipsum dolor sit amet,Lorem ipsum dolor sit amet,193.23,1193.32,Lorem ipsum dolor sit amet,Lorem ipsum dolor sit amet,Lorem ipsum dolor sit amet,Lorem ipsum dolor sit amet,Lorem ipsum dolor sit amet,Lorem ipsum dolor sit amet,Lorem ipsum dolor sit amet,81669.74,100.5,82.11,82.11,Lorem ipsu,,1111-2043,Lorem ipsum dolor sit amet,Lorem ipsum dolor sit amet,Lorem ipsum dolor sit amet
b11a0d36-d6d4-4bd8-9d8e-9ee101760c3b,Stardust Apartments and Resorts,910 Collins Avenue ,,Miami Beach ,Miami-Dade,FL,33139,,25.77968,-80.1322,"select * from json where url=""http://maps.googleapis.com/maps/api/geocode/json?address=910+Collins+Avenue,33139&sensor=false""",47766.33,Lorem ipsum dolor sit amet,,,,86,118,Lorem ipsum dolor sit amet,305.4,85.5,1194.32,111194.34,111194.3,123201.34,94.5,11194.23,111194,12/12/2008 5:42,Lorem ipsum dolor sit amet,Lorem ipsum dolor sit amet,Lorem ipsum dolor sit amet,194.23,1194.32,Lorem ipsum dolor sit amet,Lorem ipsum dolor sit amet,Lorem ipsum dolor sit amet,Lorem ipsum dolor sit amet,Lorem ipsum dolor sit amet,Lorem ipsum dolor sit amet,Lorem ipsum dolor sit amet,114916.66,101.5,83.11,83.11,Lorem ipsu,,1111-2042,Lorem ipsum dolor sit amet,Lorem ipsum dolor sit amet,Lorem ipsum dolor sit amet
b11a0d36-d6d4-4bd8-9d8e-9ee101760c3b,First Sofi Apartments,130 3rd street ,,Miami Beach ,Miami-Dade,FL,33139,,25.772125,-80.133026,"select * from json where url=""http://maps.googleapis.com/maps/api/geocode/json?address=130+3rd+street,33139&sensor=false""",29535.77,Lorem ipsum dolor sit amet,,,,87,119,Lorem ipsum dolor sit amet,306.4,85.5,1195.32,111195.34,111195.3,123202.34,95.5,11195.23,111195,8/29/1995 12:00,Lorem ipsum dolor sit amet,Lorem ipsum dolor sit amet,Lorem ipsum dolor sit amet,195.23,1195.32,Lorem ipsum dolor sit amet,Lorem ipsum dolor sit amet,Lorem ipsum dolor sit amet,Lorem ipsum dolor sit amet,Lorem ipsum dolor sit amet,Lorem ipsum dolor sit amet,Lorem ipsum dolor sit amet,78455.54,102.5,84.11,84.11,Lorem ipsu,,1111-2041,Lorem ipsum dolor sit amet,Lorem ipsum dolor sit amet,Lorem ipsum dolor sit amet
b11a0d36-d6d4-4bd8-9d8e-9ee101760c3b,Balmoral Apartments,350 Collins Avenue ,,Miami Beach ,Miami-Dade,FL,33139-6929,,25.77313,-80.13343,"select * from json where url=""http://maps.googleapis.com/maps/api/geocode/json?address=350+Collins+Avenue,33139-6929&sensor=false""",40066.77,Lorem ipsum dolor sit amet,,,,88,120,Lorem ipsum dolor sit amet,307.4,85.5,1196.32,111196.34,111196.3,123203.34,96.5,11196.23,111196,9/1/2002 17:06,Lorem ipsum dolor sit amet,Lorem ipsum dolor sit amet,Lorem ipsum dolor sit amet,196.23,1196.32,Lorem ipsum dolor sit amet,Lorem ipsum dolor sit amet,Lorem ipsum dolor sit amet,Lorem ipsum dolor sit amet,Lorem ipsum dolor sit amet,Lorem ipsum dolor sit amet,Lorem ipsum dolor sit amet,99517.54,103.5,85.11,85.11,Lorem ipsu,,1111-2040,Lorem ipsum dolor sit amet,Lorem ipsum dolor sit amet,Lorem ipsum dolor sit amet
b11a0d36-d6d4-4bd8-9d8e-9ee101760c3b,Academy Apartment Cond,900 6th Street ,,Miami Beach ,Miami-Dade,FL,33139-6341 ,,25.775574,-80.137535,"select * from json where url=""http://maps.googleapis.com/maps/api/geocode/json?address=900+6th+Street,33139-6341&sensor=false""",40101.32,Lorem ipsum dolor sit amet,,,,89,121,Lorem ipsum dolor sit amet,308.4,85.5,1197.32,111197.34,111197.3,123204.34,97.5,11197.23,111197,3/13/2002 0:19,Lorem ipsum dolor sit amet,Lorem ipsum dolor sit amet,Lorem ipsum dolor sit amet,197.23,1197.32,Lorem ipsum dolor sit amet,Lorem ipsum dolor sit amet,Lorem ipsum dolor sit amet,Lorem ipsum dolor sit amet,Lorem ipsum dolor sit amet,Lorem ipsum dolor sit amet,Lorem ipsum dolor sit amet,99586.64,104.5,86.11,86.11,Lorem ipsu,,1111-2039,Lorem ipsum dolor sit amet,Lorem ipsum dolor sit amet,Lorem ipsum dolor sit amet
b11a0d36-d6d4-4bd8-9d8e-9ee101760c3b,Edwards Apartments,953 Collins Ave ,,Miami Beach ,Miami-Dade,FL,33139-5041 ,,25.780178,-80.13147,"select * from json where url=""http://maps.googleapis.com/maps/api/geocode/json?address=953+Collins+Ave,33139-5041&sensor=false""",49826.78,Lorem ipsum dolor sit amet,,,,90,122,Lorem ipsum dolor sit amet,309.4,85.5,1198.32,111198.34,111198.3,123205.34,98.5,11198.23,111198,5/30/2002 10:19,Lorem ipsum dolor sit amet,Lorem ipsum dolor sit amet,Lorem ipsum dolor sit amet,198.23,1198.32,Lorem ipsum dolor sit amet,Lorem ipsum dolor sit amet,Lorem ipsum dolor sit amet,Lorem ipsum dolor sit amet,Lorem ipsum dolor sit amet,Lorem ipsum dolor sit amet,Lorem ipsum dolor sit amet,119037.56,105.5,87.11,87.11,Lorem ipsu,,1111-2038,Lorem ipsum dolor sit amet,Lorem ipsum dolor sit amet,Lorem ipsum dolor sit amet
b11a0d36-d6d4-4bd8-9d8e-9ee101760c3b,Southgate Towers Apartments,900 West Avenue ,,Miami Beach ,Miami-Dade,FL,33139-5233 ,,25.779757,-80.14218,"select * from json where url=""http://maps.googleapis.com/maps/api/geocode/json?address=900+West+Avenue,33139-5233&sensor=false""",49960.05,Lorem ipsum dolor sit amet,,,,91,123,Lorem ipsum dolor sit amet,310.4,85.5,1199.32,111199.34,111199.3,123206.34,99.5,11199.23,111199,6/29/1991 16:43,Lorem ipsum dolor sit amet,Lorem ipsum dolor sit amet,Lorem ipsum dolor sit amet,199.23,1199.32,Lorem ipsum dolor sit amet,Lorem ipsum dolor sit amet,Lorem ipsum dolor sit amet,Lorem ipsum dolor sit amet,Lorem ipsum dolor sit amet,Lorem ipsum dolor sit amet,Lorem ipsum dolor sit amet,119304.1,106.5,88.11,88.11,Lorem ipsu,,1111-2037,Lorem ipsum dolor sit amet,Lorem ipsum dolor sit amet,Lorem ipsum dolor sit amet
b11a0d36-d6d4-4bd8-9d8e-9ee101760c3b,Capri South Beach Condos,1451 Ocean ,,Miami Beach ,Miami-Dade,FL,33139,,25.785236,-80.12964,"select * from json where url=""http://maps.googleapis.com/maps/api/geocode/json?address=1451+Ocean,33139&sensor=false""",24200.15,Lorem ipsum dolor sit amet,,,,92,124,Lorem ipsum dolor sit amet,311.4,85.5,1200.32,111200.34,111200.3,123207.34,100.5,11200.23,111200,12/31/2006 15:03,Lorem ipsum dolor sit amet,Lorem ipsum dolor sit amet,Lorem ipsum dolor sit amet,200.23,1200.32,Lorem ipsum dolor sit amet,Lorem ipsum dolor sit amet,Lorem ipsum dolor sit amet,Lorem ipsum dolor sit amet,Lorem ipsum dolor sit amet,Lorem ipsum dolor sit amet,Lorem ipsum dolor sit amet,67784.3,107.5,89.11,89.11,Lorem ipsu,,1111-2036,Lorem ipsum dolor sit amet,Lorem ipsum dolor sit amet,Lorem ipsum dolor sit amet
b11a0d36-d6d4-4bd8-9d8e-9ee101760c3b,Sunbrite Apartments,1330 Pennsylvania Avenue ,,Miami Beach ,Miami-Dade,FL,33139,,25.784739,-80.134445,"select * from json where url=""http://maps.googleapis.com/maps/api/geocode/json?address=1330+Pennsylvania+Avenue,33139&sensor=false""",42000.02,Lorem ipsum dolor sit amet,,,,93,125,Lorem ipsum dolor sit amet,312.4,85.5,1201.32,111201.34,111201.3,123208.34,101.5,11201.23,111201,4/25/2011 23:17,Lorem ipsum dolor sit amet,Lorem ipsum dolor sit amet,Lorem ipsum dolor sit amet,201.23,1201.32,Lorem ipsum dolor sit amet,Lorem ipsum dolor sit amet,Lorem ipsum dolor sit amet,Lorem ipsum dolor sit amet,Lorem ipsum dolor sit amet,Lorem ipsum dolor sit amet,Lorem ipsum dolor sit amet,103384.04,108.5,90.11,90.11,Lorem ipsu,,1111-2035,Lorem ipsum dolor sit amet,Lorem ipsum dolor sit amet,Lorem ipsum dolor sit amet
b11a0d36-d6d4-4bd8-9d8e-9ee101760c3b,Council Towers,1040 Collins Ave ,,Miami Beach ,Miami-Dade,FL,33139-5044 ,,25.781439,-80.13182,"select * from json where url=""http://maps.googleapis.com/maps/api/geocode/json?address=1040+Collins+Ave,33139-5044&sensor=false""",34240.01,Lorem ipsum dolor sit amet,,,,94,126,Lorem ipsum dolor sit amet,313.4,85.5,1202.32,111202.34,111202.3,123209.34,102.5,11202.23,111202,8/31/2008 0:20,Lorem ipsum dolor sit amet,Lorem ipsum dolor sit amet,Lorem ipsum dolor sit amet,202.23,1202.32,Lorem ipsum dolor sit amet,Lorem ipsum dolor sit amet,Lorem ipsum dolor sit amet,Lorem ipsum dolor sit amet,Lorem ipsum dolor sit amet,Lorem ipsum dolor sit amet,Lorem ipsum dolor sit amet,87864.02,109.5,91.11,91.11,Lorem ipsu,,1111-2034,Lorem ipsum dolor sit amet,Lorem ipsum dolor sit amet,Lorem ipsum dolor sit amet
